"1332379753102372864","RT @DiCiccoMethod: ESPN didn’t show this but TUDN did. #BlackLivesMatter  #USWNT 
https://t.co/1oOWeVxM5x"
"1332379744650846212","RT @DiCiccoMethod: ESPN didn’t show this but TUDN did. #BlackLivesMatter  #USWNT 
https://t.co/1oOWeVxM5x"
"1332379743518339073","RT @DiCiccoMethod: ESPN didn’t show this but TUDN did. #BlackLivesMatter  #USWNT 
https://t.co/1oOWeVxM5x"
"1332379740607569924","RT @DiCiccoMethod: ESPN didn’t show this but TUDN did. #BlackLivesMatter  #USWNT 
https://t.co/1oOWeVxM5x"
"1332379715081015296","RT @deborahfcrankin: Greetings, Twitter has suspended my account. This is hurting the growth of my crowd fund substantially. Share this as much as possible so I can rebuild a foundation of support. https://t.co/RBtY2hzbz0 #TransAwarnessWeek #BlackTransLivesMatter #BlackLivesMatter https://t.co/GmAuRiVTDo"
"1332379684982558725","@UniteResisters @duggansphilos @skyman08677656 @miffelplix @Putzy2010 @alexaresisting @michadiblu @Snarkier2020 @gil4cosd9 @coralgableswang @Janewith_a_y @oddemann @socalgalnok_1 @Makowski5Snarky @MacMyers7 @FairlyNiceLady @Oculuris @Fine95889361 @BadBradRSR Rich people don’t pay America’s taxes, working people do

#BlackLivesMatter
 #blackvotesmatter
https://t.co/sKukjXqzUi"
"1332379670617067520","@Yinzerinthevots @IllieL @ContraWarBlog Mitchelton is near Brisbane.

This sister of my nephew's
girlfriend says Australia is
real strict as regards rules
of #SocialDistancing with
strangers outdoors.

In contrast, liberal America
allows hundreds of #Antifa 
/#BlackLivesMatter mobs
to violate Social Distancing."
"1332379668670984195","RT @deborahfcrankin: Greetings, Twitter has suspended my account. This is hurting the growth of my crowd fund substantially. Share this as much as possible so I can rebuild a foundation of support. https://t.co/RBtY2hzbz0 #TransAwarnessWeek #BlackTransLivesMatter #BlackLivesMatter https://t.co/GmAuRiVTDo"
"1332379637830311936","RT @deborahfcrankin: Greetings, Twitter has suspended my account. This is hurting the growth of my crowd fund substantially. Share this as much as possible so I can rebuild a foundation of support. https://t.co/RBtY2hzbz0 #TransAwarnessWeek #BlackTransLivesMatter #BlackLivesMatter https://t.co/GmAuRiVTDo"
"1332379615608799234","RT @vivekagnihotri: “It’s going to define the political structure of whole geopolitics of this country and whole of South Asia.” 😝 😝 😝 - definition of a WOKE. 

Same WOKE will agitate for CAA, #BlackLivesMatter, AntiCrackers and dream to migrate to Canada. 

 https://t.co/10e9xHwokF"
"1332379611439763459","RT @DiCiccoMethod: ESPN didn’t show this but TUDN did. #BlackLivesMatter  #USWNT 
https://t.co/1oOWeVxM5x"
"1332379610454089733","RT @DiCiccoMethod: ESPN didn’t show this but TUDN did. #BlackLivesMatter  #USWNT 
https://t.co/1oOWeVxM5x"
"1332379599406133248","RT @vivekagnihotri: “It’s going to define the political structure of whole geopolitics of this country and whole of South Asia.” 😝 😝 😝 - definition of a WOKE. 

Same WOKE will agitate for CAA, #BlackLivesMatter, AntiCrackers and dream to migrate to Canada. 

 https://t.co/10e9xHwokF"
"1332379590354878464","RT @DiCiccoMethod: ESPN didn’t show this but TUDN did. #BlackLivesMatter  #USWNT 
https://t.co/1oOWeVxM5x"
"1332379577184731136","@brazenskin @Vectom2 Black aborted lives do not seem to matter #BlackLivesMatter https://t.co/InbLuFqJXi"
"1332379540597968896","@__earthbound @tallialee @nappyheadedlo There's one that says ""it's a beautiful day to support #blacklivesmatter"" you can probably get that one"
"1332379532347666433","RT @Brumgreens: The Home Office, mired in racism claims, now plans a mass deportation of black people.

The department broke equality laws and is banishing 50 people to Jamaica next week. These flights must be stopped.
#BlackLivesMatter #BlackLivesMatterBirmingham
https://t.co/0ONMbO4sIp"
"1332379513355907072","Larry Elder: Race Politics Are Based on a False Narrative https://t.co/GV6HmDlAqk via @epochtimes #racism #AmericanRacism #WhitePrivilege #BlackLivesMatter #BLM #LarryElder"
"1332379509727719424","RT @MariaK63158151: ⚠ ⚠ ⚠ PLEASE DONT JUST SKIP OVER THIS...I need some help to pay for hotel room because my money was stolen from an abusive ex...if u can spare anything or just share this it would mean the world...
#transcrowdfund 
#BlackTransCrowdfund 
#BlackLivesMatter 
#disabiltycrowdfund"
"1332379492795502592","RT @fightingpride94: I'm a black trans woman with no income due to covid-19 so I'm reliant on donations to pay rent and for food. Even the smallest donations help feed me https://t.co/OADbTg0jcp #MutualAid  #transcrowdfund #blacklivesmatter #blacktranscrowdfund #lgbt"
"1332379446398115854","RT @DiCiccoMethod: ESPN didn’t show this but TUDN did. #BlackLivesMatter  #USWNT 
https://t.co/1oOWeVxM5x"
"1332379433819258881","RT @helpsavebrandon: Thankful for everyone who has already joined the fight to save #BrandonBernard’s life and hopeful that more will and we can work to stop his unjust 12/10 execution. https://t.co/HCpvFR1Cxh for ways to help #BlackLivesMatter https://t.co/w5hr8LmFl6"
"1332379423010590729","RT @DiCiccoMethod: ESPN didn’t show this but TUDN did. #BlackLivesMatter  #USWNT 
https://t.co/1oOWeVxM5x"
"1332379401334513666","RT @deborahfcrankin: Greetings, Twitter has suspended my account. This is hurting the growth of my crowd fund substantially. Share this as much as possible so I can rebuild a foundation of support. https://t.co/RBtY2hzbz0 #TransAwarnessWeek #BlackTransLivesMatter #BlackLivesMatter https://t.co/GmAuRiVTDo"
"1332379389141639168","You might want to print this out and carry it with you.  Y'know.  Just in case your local PD goes all abusive on your ass.  Which seems to happen everywhere on a regular basis these days.  #BlackLivesMatter #StopPoliceBrutality https://t.co/S1EStJ16AG"
"1332379380614529024","“You know they’re (U.S. government) is CORRUPT... THUGS IN SUITS!” - @LouisFarrakhan 🗣‼️

•
•
•

#originalthinkingz #blacklivesmatter #blackisbeautiful
#blackmen #blackwomen
#blackqueen #panafrican #elijahmuhammed #originalman #boycewatkins #louisfarrakhan #wearefarrakhan https://t.co/ESlulMlt4Q"
"1332379376957046784","RT @workingfilms: Working Films is hosting a free webinar on Tuesday, December 1st at 2pm ET to discuss our commitment to equity and accountability and how to apply for our Docs in Action program focused on abolition https://t.co/0BHVCkjlrY #DefundThePolice #BlackLivesMatter"
"1332379340152180738","RT @DiCiccoMethod: ESPN didn’t show this but TUDN did. #BlackLivesMatter  #USWNT 
https://t.co/1oOWeVxM5x"
"1332379319457308672","RT @vivekagnihotri: “It’s going to define the political structure of whole geopolitics of this country and whole of South Asia.” 😝 😝 😝 - definition of a WOKE. 

Same WOKE will agitate for CAA, #BlackLivesMatter, AntiCrackers and dream to migrate to Canada. 

 https://t.co/10e9xHwokF"
"1332379247940431873","RT @DiCiccoMethod: ESPN didn’t show this but TUDN did. #BlackLivesMatter  #USWNT 
https://t.co/1oOWeVxM5x"
"1332379227837095943","RT @AmericanOutlaws: We are proud to support the #USWNT on the field and off. #BlackLivesMatter https://t.co/r8M7XjfRSS"
"1332379085817991169","RT @BKCNetwork: S/O to @WhatACrimePod for holding it down in the true crime space! Check out their latest episode ASAP ‼️

#justiceforalonzobrooks 

#blacklivesmatter https://t.co/XoF3h1zDcx"
"1332379083989200896","RT @DiCiccoMethod: ESPN didn’t show this but TUDN did. #BlackLivesMatter  #USWNT 
https://t.co/1oOWeVxM5x"
"1332379064321986561","RT @DiCiccoMethod: ESPN didn’t show this but TUDN did. #BlackLivesMatter  #USWNT 
https://t.co/1oOWeVxM5x"
"1332379049663098885","RT @DiCiccoMethod: ESPN didn’t show this but TUDN did. #BlackLivesMatter  #USWNT 
https://t.co/1oOWeVxM5x"
"1332379034043494405","@sidibongo @BlTerrorist @Channel4News This is their new tactic; using MLK to undermine legitimate cries of protests against racism. Nobody knows him better than his own daughter; she has read every word he wrote (unlike you, @BlTerrorist) and she says he'd be ""proud"" of the #BlackLivesMatter movement. https://t.co/6FuL1cfOkU"
"1332378991454511104","S/O to @WhatACrimePod for holding it down in the true crime space! Check out their latest episode ASAP ‼️

#justiceforalonzobrooks 

#blacklivesmatter https://t.co/XoF3h1zDcx"
"1332378984055775232","RT @DiCiccoMethod: ESPN didn’t show this but TUDN did. #BlackLivesMatter  #USWNT 
https://t.co/1oOWeVxM5x"
"1332378925868199942","RT @SarahJBook: Also @_riaboss_ 🗣 “Representation matters in every aspect of life” #truestory #diversitymatters #WPS2020 #BlackLivesMatter #WNI2020 https://t.co/Ub0b49qVaz"
"1332378893609648128","ESPN didn’t show this but TUDN did. #BlackLivesMatter  #USWNT 
https://t.co/1oOWeVxM5x"
"1332378838307770368","@Petz1977 Rich people don’t pay America’s taxes, working people do

#BlackLivesMatter
 #blackvotesmatter
https://t.co/sKukjXqzUi"
"1332378820645568513","RT @vivekagnihotri: “It’s going to define the political structure of whole geopolitics of this country and whole of South Asia.” 😝 😝 😝 - definition of a WOKE. 

Same WOKE will agitate for CAA, #BlackLivesMatter, AntiCrackers and dream to migrate to Canada. 

 https://t.co/10e9xHwokF"
"1332378820268216321","RT @vivekagnihotri: “It’s going to define the political structure of whole geopolitics of this country and whole of South Asia.” 😝 😝 😝 - definition of a WOKE. 

Same WOKE will agitate for CAA, #BlackLivesMatter, AntiCrackers and dream to migrate to Canada. 

 https://t.co/10e9xHwokF"
"1332378765242953729","Rich people don’t pay America’s taxes, working people do

#BlackLivesMatter
 #blackvotesmatter
https://t.co/sKukjXqzUi"
"1332378754195148804","RT @deborahfcrankin: Greetings, Twitter has suspended my account. This is hurting the growth of my crowd fund substantially. Share this as much as possible so I can rebuild a foundation of support. https://t.co/RBtY2hzbz0 #TransAwarnessWeek #BlackTransLivesMatter #BlackLivesMatter https://t.co/GmAuRiVTDo"
"1332378706929709057","RT @common: #BlackLivesMatter today and everyday."
"1332378705319096321","Put this on your calendar. #BlackLivesMatter #BlackLivesMatterKC #FireChiefRickSmith https://t.co/O0XkP2EK9g"