Product Name,Price,Ratings
"Soundance Laptop Stand, Aluminum Computer Riser, Ergonomic Laptops Elevator for Desk, Metal Holder Compatible with 10 to 15.6 Inches Notebook Computer, Silver",$29.99,4.8 out of 5 stars
"Urbo Ponton Laptop Stand with 360-Degree Rotating Base, Heat Vent + Safety Grips, 6-Height Level Adjustable Laptop Stand for Ergonomic Desk Spaces",$36.99,4.4 out of 5 stars
"HP Pavilion Laptop, 15.6"" Full HD IPS Micro-Edge Touchscreen, 10th Gen Intel Core i5-1035G1 Processor up to 3.60GHz, 12GB RAM, 512GB PCIe NVMe SSD, HDMI, Wireless-AC, Bluetooth, Windows 10 Home",$719.00,5.0 out of 5 stars
"HP 14"" HD AMD Ryzen 3 3.5GHz 4GB 128GB SSD Radeon Vega 3 Webcam Windows 10 Laptop",$375.00,4.2 out of 5 stars
"Acer Aspire 5 A515-44-R41B, 15.6"" Full HD, AMD Ryzen 5 4500U Hexa-Core Mobile Processor with Radeon Graphics, 8GB DDR4, 256GB NVMe SSD, WiFi 5, HD Webcam, Backlit Keyboard, Windows 10 Home",$0,4.6 out of 5 stars
DELL XPS7390-7954SLV-PUS 2-in-1 Convertible 13.4-inch FHD InfinityEdge Touchscreen Laptop (Silver),"$1,815.00",4.1 out of 5 stars
"HP 14"" FHD IPS LED 1080p Laptop Intel Core i5-1035G4 8GB DDR4 128GB SSD Backlit Keyboard Windows 10 with S Mode",$570.00,4.3 out of 5 stars
"Panasonic Toughbook CF-53 Laptop PC, 14"" HD Display, Intel i5-2520M 2.5GHz, 16GB RAM, 1TB SSD, Windows 10 (Renewed)",$0,4.6 out of 5 stars
"Lenovo IdeaPad Flex 5 14"" FHD Convertible, AMD Ryzen 3 4300U, 4GB RAM, 128GB SSD, Graphite Grey, Windows 10S, 81X2000HUS",$0,-1
"Tocosy Laptop 10.1Inch Quad Core Windows 10 HD Graphics Ultra Thin Computer PC, 2GB RAM 32GB Storage 1.92GHZ USB 2.0 WiFi Bluetooth HDMI IPS Display Notebook (Blue)",$190.99,3.9 out of 5 stars
"iProda Laptop, 14.1 Inch Notebook (Intel Core i3-6157U 2.4GHz, 8GB RAM, 256GB SSD, Windows 10 Professional) with 1080P FHD Display, Lightweight, Best for Work at Home",$379.98,3.1 out of 5 stars
"Acer Chromebook 314, Intel Celeron N4000, 14"" Full HD Display, 4GB LPDDR4, 64GB eMMC, Gigabit WiFi, Google Chrome, CB314-1H-C884",$289.99,4.5 out of 5 stars
"Acer Aspire 1 15.6"" Full HD Laptop Intel Celeron N4120, 4GB RAM - 64GB eMMC Windows 10",$339.00,5.0 out of 5 stars
HP (17-BY1053DX) 17.3 Laptop - Core i5-8265U - 8GB Memory - 256GB Solid State Drive - Windows 10 Home in S Mode - Jet Black/Maglia Pattern,$645.00,4.5 out of 5 stars
"LG Gram Laptop - 15.6"" Full HD IPS , Intel 10th Gen Core i5-1035G7 CPU, 8GB RAM, 256GB M.2 MVMe SSD, 18.5 Hours Battery, Thunderbolt 3 - 15Z90N (2020)",$946.99,4.3 out of 5 stars
"New_Dell_Inspiron 15.6"" FHD Laptop,10th Gen Intel i3-1005G1 Processor (Up to 3.4 GHz), 4GB RAM, 128GB SSD + 32GB USB Flash Drive, HDMI, SD Card Reader, Bluetooth, Camera, USB Type-C, Windows 10 S",$449.00,5.0 out of 5 stars
"2020 Newest Lenovo IdeaPad 3 15"" Laptop, AMD Ryzen 5 3500U Quad-Core Processor, 8GB Memory, 256GB Solid State Drive, Windows 10, Abyss Blue, 81W1009DUS (Google Classroom Compatible)",$507.00,-1
"ASUS TUF Gaming Laptop, 15.6” Full HD IPS-Type, Intel Core i5-9300H, GeForce GTX 1650, 8GB DDR4, 512GB PCIe SSD, Gigabit Wi-Fi 5, Windows 10 Home, FX505GT-US52",$759.99,4.5 out of 5 stars
"HP ProBook 440 G7 Laptop, 14"" FHD (1920 x 1080), 10th Gen Intel Core i5-10210U, 16GB RAM, 512GB SSD, Windows 10 Pro",$0,-1
"Lenovo IdeaPad Flex 5 14"" Convertible Laptop, FHD (1920 x 1080) Touch Display, Intel Core i5-1035G1 Processor, 8GB DDR4 Onboard RAM, 128GB SSD, Intel UHD Graphics, Win 10, 81X1004RUS, Graphite Grey",$663.12,4.5 out of 5 stars
"Acer Chromebook 514, CB514-1H-C47X, Intel Celeron N3350, 14"" Full HD, 4GB LPDDR4, 32GB eMMC, Backlit Keyboard, Google Chrome",$359.22,4.4 out of 5 stars
"Dell Latitude 5411 14"" Notebook - Full HD - 1920 x 1080 - Core i7 i7-10850H 10th Gen 2.7GHz Hexa-core (6 Core) - 16GB RAM - 256GB SSD","$1,389.99",-1
Compact Laptop Case in Soft and Supple Full Grain Leather.Brass Hardware - Black.,$89.00,-1
"Soundance Laptop Stand, Aluminum Computer Riser, Ergonomic Laptops Elevator for Desk, Metal Holder Compatible with 10 to 15.6 Inches Notebook Computer, Silver",$29.99,4.8 out of 5 stars
"Asus X512DA-BTS2020RL 15.6"" Full HD Laptop – AMD Ryzen 5 - AMD Radeon Vega 8 - 512GB PCIe SSD – 8GB RAM",$549.00,4.6 out of 5 stars
"HP 14 Laptop, AMD 3020e, 4 GB RAM, 64 GB eMMC Storage, 14-inch HD Display, Windows 10 Home in S Mode, Long Battery Life, Microsoft 365, (14-fq0020nr, 2020)",$299.00,4.6 out of 5 stars
"ASUS UX534FTC-AS77 ZenBook 15 Laptop, 15.6” UHD 4K NanoEdge Display, Intel Core i7-10510U, GeForce GTX 1650, 16GB, 512GB PCIe SSD, ScreenPad 2.0, Amazon Alexa Compatible, Windows 10, Icicle Silver",$999.99,4.4 out of 5 stars
"MSI GS75 Stealth-479 17.3"" Gaming Laptop 144Hz Display, Thin Bezel, Intel Core i9-9880H, NVIDIA GeForce RTX2080, 32GB, 1TB NVMe SSD, Thunderbolt 3 (Renewed)","$2,199.95",-1
"2020_Lenovo_IdeaPad 3 15.6"" FHD Laptop, Intel 10th Gen Core i3-1005G1, 8GB Memory, 256GB PCIe SSD, Webcam, 802.11ac WiFi, HDMI, Bluetooth, Win10, w/Santax Accessory",$479.00,-1
"2020 HP Pavilion 15.6 Inch FHD 1080P Touchscreen Laptop (Intel Core i7-1065G7 up to 3.9GHz, 16GB DDR4 RAM, 1TB HDD, Intel Iris Plus, Backlit KB, HDMI, WiFi, Bluetooth, Win10)",$905.00,4.2 out of 5 stars
"HP 15.6"" HD Intel 10th Gen i3-1005G1 3.4GHz 8GB RAM 256GB SSD Win 10 Laptop",$0,5.0 out of 5 stars
"Dell Inspiron 17 3793 2020 Premium 17.3” FHD Laptop Notebook Computer, 10th Gen 4-Core Intel Core i5-1035G1 1.0 GHz, 16GB RAM, 512GB SSD + 1TB HDD, DVD,Webcam,Bluetooth,Wi-Fi,HDMI, Win 10 Home",$859.00,4.5 out of 5 stars
"iProda Laptop, 14.1 Inch Notebook (Intel Core i3-6157U 2.4GHz, 8GB RAM, 256GB SSD, Windows 10 Professional) with 1080P FHD Display, Lightweight, Best for Work at Home",$379.98,3.1 out of 5 stars
"Acer Chromebook 314, Intel Celeron N4000, 14"" Full HD Display, 4GB LPDDR4, 64GB eMMC, Gigabit WiFi, Google Chrome, CB314-1H-C884",$289.99,4.5 out of 5 stars
"Lenovo Chromebook C340 2-in-1-11.6"" HD Touch - Celeron N4000-4GB - 32GB eMMC - Gray (Renewed)",$259.00,4.4 out of 5 stars
"Dell Inspiron 15 5000 - 15 Inch FHD, Intel Core i5, 8GB Memory, 512GB Solid State Drive, Windows 10 Home (Latest Model) - Silver",$0,3.9 out of 5 stars
"HP Stream Laptop PC 11.6"" Intel N4000 Quad Core 4GB DDR4 SDRAM 32GB eMMC Includes Office 365 Personal for One Year",$268.00,4.1 out of 5 stars
"2020 HP Pavilion x360 14"" FHD WLED Touchscreen 2-in-1 Convertible Laptop, Intel Core i5-1035G1 up to 3.6GHz, 8GB DDR4, 256GB SSD, 802.11ac, Bluetooth, Webcam, HDMI, Fingerprint Reader, Windows 10",$0,4.5 out of 5 stars
"2020 HP 17.3"" HD+ Premium Laptop Computer, AMD Ryzen 5 3500U Quad-Core Up to 3.7GHz, 12GB DDR4 RAM, 256GB SSD, DVDRW, AMD Radeon Vega 8, 802.11ac WiFi, Bluetooth 4.2, USB 3.1, HDMI, Black, Windows 10",$0,4.5 out of 5 stars
"New Apple MacBook Pro (16-inch, 16GB RAM, 512GB Storage) - Space Gray",$0,4.7 out of 5 stars
"2020 HP Pavilion 15.6"" 2-in-1 Convertible HD Touchscreen Laptop Intel Core i5-10210U 8GB DDR4 512GB M.2 SSD Windows 10",$699.99,4.3 out of 5 stars
"2020 HP Stream 14"" HD Thin and Light Laptop PC, Intel Celeron N4000 Dual-Core Processor, 4 GB RAM, 64 GB eMMC, HDMI, Webcam, WiFi, 1 Year Office 365 Personal, Windows 10 S, Blue",$338.00,-1
"Acer Chromebook 514, CB514-1H-C47X, Intel Celeron N3350, 14"" Full HD, 4GB LPDDR4, 32GB eMMC, Backlit Keyboard, Google Chrome",$359.22,4.4 out of 5 stars
"Dell Latitude 5411 14"" Notebook - Full HD - 1920 x 1080 - Core i7 i7-10850H 10th Gen 2.7GHz Hexa-core (6 Core) - 16GB RAM - 256GB SSD","$1,389.99",-1
"Soundance Laptop Stand, Aluminum Computer Riser, Ergonomic Laptops Elevator for Desk, Metal Holder Compatible with 10 to 15.6 Inches Notebook Computer, Silver",$29.99,4.8 out of 5 stars
"New_Dell_Inspiron 15 5591 2-in-1 15.6-inch FHD IPS LED Backlit Touchscreen Business Laptop, Intel i5-10210U up to 4.2GHz, 8GB DDR4, 256GB PCIe SSD, HDMI, Bluetooth, 802.11AC, Windows 10 with Santex MP",$749.00,-1
"2020 Lenovo IdeaPad 3 15.6"" Full HD Laptop, AMD Ryzen 5 3500U Quad-Core Processor, 8GB Memory, 256GB SSD, Vega 8 Graphics, Webcam, WiFi, Windows 10, Almond, Google Classroom Compatible",$512.00,-1
"IDOL Laptop 10.1Inch Quad Core Ultra Thin PC, 2GB RAM 32GB Storage 1.92GHZ USB 2.0 Windows 10 HD Graphics WiFi, HDMI, BT, Supports 128GB TF-Card Notebook Computer (Pink)",$195.99,4.1 out of 5 stars
"HP 14"" FHD Laptop Intel Processor i5-1035G1 12GBRAM 256GB Solid State Drive Backlit Keyboard Integrated Intel UHD Graphics",$594.90,4.4 out of 5 stars
"2020 HP 15.6"" Touchscreen Laptop Computer/ 10th Gen Intel Quard-Core i5 1035G1 up to 3.6GHz/ 8GB DDR4 RAM/ 512GB PCIe SSD/ 802.11ac WiFi/ Bluetooth 4.2/ USB 3.1 Type-C/ HDMI/ Silver/ Windows 10 Home",$698.00,4.5 out of 5 stars
"2019 Dell Inspiron 3593 Laptop 15.6"", 10th Generation Intel Core i5-1035G1 Processor, 8GB DDR4 RAM 256GB Solid State Drive, HDMI, WiFi, Bluetooth, Windows 10, Black",$639.00,-1
"2020 Lenovo Yoga C740 14"" FHD IPS Touchscreen Premium 2-in-1 Laptop, 10th Gen Intel Quad Core i5-10210U, 8GB RAM, 256GB PCIe SSD, Backlit Keyboard, Fingerprint Reader, Windows 10, Aluminum Chassis",$665.00,3.3 out of 5 stars
"ASUS Chromebook Flip C434 2 in 1 Laptop, 14"" Touchscreen FHD 4-Way NanoEdge Display, Intel Core M3-8100Y Processor, 4GB RAM, 32GB eMMC Storage, Backlit Keyboard, Silver, Chrome OS, C434TA-DH342T",$538.00,4.4 out of 5 stars
2 in 1 Laptop Jumper x1 Windows 10 Laptop FHD Touchscreen Display Laptop Computer 11.6 inch 6GB RAM 128GB ROM,$245.65,3.9 out of 5 stars
"iProda Laptop, 14.1 Inch Notebook (Intel Core i3-6157U 2.4GHz, 8GB RAM, 256GB SSD, Windows 10 Professional) with 1080P FHD Display, Lightweight, Best for Work at Home",$379.98,3.1 out of 5 stars
"Acer Chromebook 314, Intel Celeron N4000, 14"" Full HD Display, 4GB LPDDR4, 64GB eMMC, Gigabit WiFi, Google Chrome, CB314-1H-C884",$289.99,4.5 out of 5 stars
"New Dell XPS 15 9500 15.6 inch UHD+ Touchscreen Laptop (Silver) Intel Core i7-10750H 10th Gen, 16GB DDR4 RAM, 1TB SSD, Nvidia GTX 1650 Ti with 4GB GDDR6, Window 10 Pro (XPS9500-7845SLV-PUS)",$0,3.9 out of 5 stars
"ASUS ImagineBook 14"" FHD LED-Backlit Laptop, Intel Core M3-8100Y Up to 3.4GHz, 4GB RAM, 128GB SSD, Webcam, 802.11 ac, Bluetooth, USB 3.1 Type C, HDMI, Windows 10 Home in S Mode, Textured White",$389.00,4.5 out of 5 stars
"2020 New HP 17-by3063st 17.3"" HD+ Display Notebook, Intel i3-1005G1, 8GB Memory, 128GB SSD + 1TB Hard Drive, Windows 10, Silver",$564.99,-1
"Acer Aspire 5 Slim Laptop, 15.6"" Full HD IPS Display, 10th Gen Intel Core i5-10210U, 8GB DDR4, 256GB PCIe NVMe SSD, Intel Wi-Fi 6 AX201 802.11ax, Fingerprint Reader, Backlit KB, A515-54-59W2, Silver",$579.99,4.6 out of 5 stars
"2020 Flagship HP 14 Chromebook Laptop Computer 14"" HD SVA Anti-Glare Display Intel Celeron N5000 Processor 4GB DDR4 64GB eMMC Backlit WiFi Webcam Chrome OS",$299.00,4.4 out of 5 stars
"Samsung 11.6"" LED 16GB Chromebook Exynos 5 Dual-Core 1.7GHz 2GB XE303C12-A01US",$0,3.6 out of 5 stars
"Razer Blade 15 Advanced Gaming Laptop 2020: Intel Core i7-10875H 8-Core, NVIDIA GeForce RTX 2080 SUPER Max-Q, 15.6” FHD 300Hz, 16GB RAM, 1TB SSD, CNC Aluminum, Chroma RGB Lighting, Thunderbolt 3",$0,4.3 out of 5 stars
"2020 Lenovo Legion Y540 15.6 Inch FHD 1080P Gaming Laptop (Intel 6-Core i7-9750H up to 4.5GHz, NVIDIA GeForce GTX 1650 4GB, 32GB DDR4 RAM, 1TB SSD (Boot) + 1TB HDD, Backlit Keyboard, Windows 10)","$1,309.00",4.7 out of 5 stars
"Acer Chromebook 514, CB514-1H-C47X, Intel Celeron N3350, 14"" Full HD, 4GB LPDDR4, 32GB eMMC, Backlit Keyboard, Google Chrome",$359.22,4.4 out of 5 stars
"Dell Latitude 5411 14"" Notebook - Full HD - 1920 x 1080 - Core i7 i7-10850H 10th Gen 2.7GHz Hexa-core (6 Core) - 16GB RAM - 256GB SSD","$1,389.99",-1
"Soundance Laptop Stand, Aluminum Computer Riser, Ergonomic Laptops Elevator for Desk, Metal Holder Compatible with 10 to 15.6 Inches Notebook Computer, Silver",$29.99,4.8 out of 5 stars
Compact Laptop Case in Soft and Supple Full Grain Leather.Brass Hardware - Black.,$89.00,-1
"ASUS ROG Strix G15 (2020) Gaming Laptop, 15.6” 240Hz FHD IPS Type Display, NVIDIA GeForce RTX 2070, Intel Core i7-10750H, 16GB DDR4, 1TB PCIe NVMe SSD, RGB Keyboard, Windows 10, Black, G512LW-ES76","$1,449.99",4.6 out of 5 stars
"2020 HP Pavilion 15.6 Inch FHD 1080P Touchscreen Laptop (Intel Core i7-1065G7 up to 3.9GHz, 16GB DDR4 RAM, 1TB HDD, Intel Iris Plus, Backlit KB, HDMI, WiFi, Bluetooth, Win10)",$905.00,4.2 out of 5 stars
"ASUS VivoBook S13 Thin and Light Laptop, 13.3” FHD Display, Intel Core i5-1035G1 CPU, 8GB LPDDR4X RAM, 512GB PCIe SSD, Windows 10 Home, Fingerprint Reader, Dreamy White, S333JA-DS51-WH",$599.99,4.6 out of 5 stars
"Newest HP Pavilion 15.6"" FHD IPS Premium Gaming Laptop, AMD 2nd Gen Quad-Core Ryzen 5 3550H, 8GB RAM, 256GB SSD, NVIDIA GeForce GTX 1050 3GB GDDR5, Backlit Keyboard, Windows 10",$668.41,4.4 out of 5 stars
"HP 15-dy1036nr 10th Gen Intel Core i5-1035G1, 15.6-Inch FHD Laptop, Natural Silver",$599.99,4.5 out of 5 stars
"Lenovo Ideapad L340 Gaming Laptop, 15.6 Inch FHD (1920 X 1080) IPS Display, Intel Core i5-9300H Processor, 8GB DDR4 RAM, 512GB Nvme SSD, NVIDIA GeForce GTX 1650, Windows 10, 81LK00HDUS, Black",$0,4.6 out of 5 stars
"2020 Lenovo ThinkPad E15 15.6"" FHD Full HD (1920x1080) Business Laptop (Intel 10th Quad Core i5-10210U, 16GB DDR4 RAM, 512GB PCIe SSD) Type-C, HDMI, Windows 10 Pro + IST Computers HDMI Cable",$898.93,4.6 out of 5 stars
"2020 HP 17.3"" Laptop Computer/ 8th Gen Intel Quad-Core i5-8265U Up to 3.9GHz/ 8GB DDR4 RAM/ 256GB PCIe SSD/ DVD/ Bluetooth 4.2/ USB 3.1/ HDMI/ Windows 10 Home/ Black",$709.00,4.5 out of 5 stars
"iProda Laptop, 14.1 Inch Notebook (Intel Core i3-6157U 2.4GHz, 8GB RAM, 256GB SSD, Windows 10 Professional) with 1080P FHD Display, Lightweight, Best for Work at Home",$379.98,3.1 out of 5 stars
"Acer Chromebook 314, Intel Celeron N4000, 14"" Full HD Display, 4GB LPDDR4, 64GB eMMC, Gigabit WiFi, Google Chrome, CB314-1H-C884",$289.99,4.5 out of 5 stars
"ASUS TUF VR Ready Gaming Laptop, 15.6"" IPS FHD, AMD Ryzen 7-4800H Octa-Core up to 4.20 GHz, NVIDIA RTX 2060, 32GB RAM, 1TB SSD, RGB Backlit KB, RJ-45 Ethernet, Win 10","$1,224.99",4.5 out of 5 stars
"ASUS Chromebook Flip C434 2-In-1 Laptop, 14"" Full HD Touchscreen 4-Way NanoEdge, Intel Core M3-8100Y Processor, 4GB RAM, 64GB eMMC Storage, All-Metal Body, Backlit KB, Chrome OS- C434TA-DSM4T, Silver",$0,4.4 out of 5 stars
"CHUWI Herobook Pro 14.1 inch Windows 10 Intel N4000 Dual Core 8GB RAM 256GB ROM Notebook,Thin and Lightweight Laptop,BT4.0 (Herobook Pro(2020))",$339.00,4.0 out of 5 stars
"ASUS TUF Gaming A15 Gaming Laptop- 15.6” 144Hz Full HD IPS-Type, AMD Ryzen 5 4600H, GeForce GTX 1650, 8GB DDR4, 512GB PCIe SSD, Gigabit Wi-Fi 5, Windows 10 Home- FA506IH-AS53",$899.99,4.7 out of 5 stars
"Microsoft Surface Laptop 2 (Intel Core i5, 8GB RAM, 256 GB)  - Black",$949.00,4.6 out of 5 stars
"HP Pavilion Gaming 15-Inch Micro-EDGE Laptop, Intel Core i5-9300H Processor, NVIDIA GeForce GTX 1650 (4 GB), 8 GB SDRAM, 256 GB SSD, Windows 10 Home (15-dk0020nr, Shadow Black/Acid Green)",$674.97,4.6 out of 5 stars
"2020 HP 14-inch HD Touchscreen Premium Laptop PC, AMD Ryzen 3 3200U Processor, 8GB DDR4 Memory, 256GB SSD, Bluetooth, Windows 10, Silver",$501.00,4.6 out of 5 stars
"Dell Inspiron 15 5000 - 15 Inch FHD, Intel Core i5, 8GB Memory, 512GB Solid State Drive, Windows 10 Home (Latest Model) - Silver",$0,3.9 out of 5 stars
"Acer Chromebook 514, CB514-1H-C47X, Intel Celeron N3350, 14"" Full HD, 4GB LPDDR4, 32GB eMMC, Backlit Keyboard, Google Chrome",$359.22,4.4 out of 5 stars
"Dell Latitude 5411 14"" Notebook - Full HD - 1920 x 1080 - Core i7 i7-10850H 10th Gen 2.7GHz Hexa-core (6 Core) - 16GB RAM - 256GB SSD","$1,389.99",-1
Compact Laptop Case in Soft and Supple Full Grain Leather.Brass Hardware - Black.,$89.00,-1
"Soundance Laptop Stand, Aluminum Computer Riser, Ergonomic Laptops Elevator for Desk, Metal Holder Compatible with 10 to 15.6 Inches Notebook Computer, Silver",$29.99,4.8 out of 5 stars
"2020 HP Laptop 15.6"" HD Touchscreen Intel Core i7-1065G7 8GB DDR4 SDRAM 512GB SSD Intel Iris Plus Graphics Windows 10",$849.99,4.6 out of 5 stars
"Razer Blade 15 Advanced Gaming Laptop 2020: Intel Core i7-10875H 8-Core, NVIDIA GeForce RTX 2080 SUPER Max-Q, 15.6” FHD 300Hz, 16GB RAM, 1TB SSD, CNC Aluminum, Chroma RGB Lighting, Thunderbolt 3",$0,4.3 out of 5 stars
"Microsoft Surface Pro 3 12"" Intel Core i3 64GB Tablet (Renewed)",$0,4.0 out of 5 stars
"HP OMEN | 15-EN0023DX/Gaming 15.6"" Laptop | AMD Ryzen 7/4800H | 16GB DDR4 3200/MHz | 1TB PCIe NVMe M.2 SSD | NVIDIA GeForce GTX 1660 Ti | Backlit Keyboard/Windows 10 Home",$0,5.0 out of 5 stars
"2020 Flagship Premium Lenovo IdeaPad 330 15.6 Inch Laptop (Intel Pentimum N5000 up to 2.7GHz, 8GB RAM, 1TB HDD, Intel UHD 605, 802.11AC, DVD, HDMI, Windows 10)",$0,5.0 out of 5 stars
"Lenovo V14-ARE 82DQ000PUS 14"" Notebook - 1920 x 1080 - Ryzen 5 4500U - 8 GB RAM - 256 GB SSD - Iron Gray - Windows 10 Pro 64-bit - AMD Radeon Graphics - Twisted nematic (TN) - English Keyboard -",$633.64,4.6 out of 5 stars
"HP Pavilion x360 2-in-1 14"" HD Touch-Screen Laptop, Intel Core i3-1005G1, HDMI, USB-C, Wi-Fi, Webcam, Bluetooth, Natural Silver, Intel UHD Graphics, Windows 10 Home in S Mode (8GB RAM |128GB SSD)",$508.95,3.9 out of 5 stars
"2019 RCA Galileo Pro 2-in-1 11.5"" Touchscreen High Performance Tablet PC, Intel Quad-Core Processor 32GB SSD 1GB RAM WiFi Bluetooth Webcam Detachable Keyboard Android 6.0 Black",$0,4.0 out of 5 stars
"iProda Laptop, 14.1 Inch Notebook (Intel Core i3-6157U 2.4GHz, 8GB RAM, 256GB SSD, Windows 10 Professional) with 1080P FHD Display, Lightweight, Best for Work at Home",$379.98,3.1 out of 5 stars
"Acer Chromebook 314, Intel Celeron N4000, 14"" Full HD Display, 4GB LPDDR4, 64GB eMMC, Gigabit WiFi, Google Chrome, CB314-1H-C884",$289.99,4.5 out of 5 stars
"2020 Dell Inspiron 15.6"" Touchscreen Laptop Computer 10th Gen Intel i3 1005G1 Up to 3.4GHz 8GB DDR4 RAM 1TB Hard Drive + 128GB PCIe SSD Intel UHD Graphics HDMI 802.11ac WiFi Bluetooth 4.1 Windows 10",$0,4.2 out of 5 stars
"Lenovo Flex 14 2-in-1 Convertible Laptop, 14-Inch HD (1366 X 768) Touchscreen Display, Intel Pentium Gold 5405U, 4GB DDR4 RAM, 128GB NVMe SSD, Windows 10, 81SQ000EUS, Onyx Black",$515.00,4.4 out of 5 stars
"Dell Inspiron 11 3195, 2 in 1, 7th Gen AMD A9-9420e W/ Radeon R5 Graphics, 4GB DDR4 2666MHz RAM, 64GB HD, 11.6"" HD (1366 X 768) LED-Backlit Touch Display (i3195-A525GRY-PUS)",$457.00,4.0 out of 5 stars
"Lenovo IdeaPad 3 17.3"" Laptop: 10th Generation Core i5-10210U, 256GB SSD, 8GB RAM, 17.3"" Full HD IPS Display",$648.00,3.4 out of 5 stars
"Lenovo IdeaPad Gaming 3 15.6"" Gaming Laptop 120Hz i5-10300H 8GB RAM 256GB SSD GTX 1650 4GB Onyx Black - 10th Gen i5-10300H Quad-Core - NVIDIA GeForce GTX 1650 4GB GDDR6 - 120Hz Refresh Rate - in-",$0,4.0 out of 5 stars
"New Microsoft Surface Pro 7 – 12.3"" Touch-Screen - Intel Core i3-4GB Memory - 128GB Solid State Drive (Latest Model) – Platinum, VDH-00001",$606.98,4.4 out of 5 stars
"EVOO Gaming 17.3” Laptop, FHD, 144Hz, Intel Core i7-10750H Processor, NVIDIA GeForce RTX 2060, THX Spatial Audio, 512GB SSD, 16GB RAM, RGB Backlit Keyboard, HD Camera, Windows 10 Home, Black","$1,274.99",-1
"Acer Aspire 5 A515-44G-R83X, 15.6"" Full HD, AMD Ryzen 5 4500U Hexa-Core Mobile Processor, AMD Radeon RX 640, 8GB DDR4, 256GB NVMe SSD, WiFi 6, HD Webcam, Backlit Keyboard, Windows 10 Home",$695.00,4.5 out of 5 stars
"Acer Chromebook 514, CB514-1H-C47X, Intel Celeron N3350, 14"" Full HD, 4GB LPDDR4, 32GB eMMC, Backlit Keyboard, Google Chrome",$359.22,4.4 out of 5 stars
"Dell Latitude 5411 14"" Notebook - Full HD - 1920 x 1080 - Core i7 i7-10850H 10th Gen 2.7GHz Hexa-core (6 Core) - 16GB RAM - 256GB SSD","$1,389.99",-1
"Soundance Laptop Stand, Aluminum Computer Riser, Ergonomic Laptops Elevator for Desk, Metal Holder Compatible with 10 to 15.6 Inches Notebook Computer, Silver",$29.99,4.8 out of 5 stars
Compact Laptop Case in Soft and Supple Full Grain Leather.Brass Hardware - Black.,$89.00,-1
"CHUWI HeroBook Pro 14.1 inch Windows 10 Laptop PC, 8G RAM / 256GB SSD with 1080P Display, Intel Gmini Lake N4000 Notebook, Thin and Lightweight",$339.00,4.0 out of 5 stars
"Lenovo Ideapad L340 Gaming Laptop, 15.6 Inch FHD (1920 X 1080) IPS Display, Intel Core i5-9300H Processor, 8GB DDR4 RAM, 512GB Nvme SSD, NVIDIA GeForce GTX 1650, Windows 10, 81LK00HDUS, Black",$0,4.6 out of 5 stars
"ASUS ROG Strix G15 (2020) Gaming Laptop, 15.6” 240Hz FHD IPS Type Display, NVIDIA GeForce RTX 2070, Intel Core i7-10750H, 16GB DDR4, 1TB PCIe NVMe SSD, RGB Keyboard, Windows 10, Black, G512LW-ES76","$1,449.99",4.6 out of 5 stars
"HP 17.3"" Non-Touch Laptop Intel 10th Gen i5-1035G1, 1TB Hard Drive, 12GB Memory, DVD Writer, Backlit Keyboard, Windows 10 Home Silver",$729.00,4.7 out of 5 stars
"ASUS ZenBook 14 Ultra-Slim Laptop 14” Full HD NanoEdge Bezel, Intel Core i7-1065G7, 8GB RAM, 512GB PCIe SSD, NumberPad, Thunderbolt 3, Windows 10 Home, Pine Grey, UX425JA-EB71",$819.99,4.4 out of 5 stars
"HP 15.6"" Full HD Laptop, Intel Core i7-1065G7 Processor, 8GB Memory, 256GB SSD, 2 Year Warranty Care Pack with Accidental Damage Protection, Windows 10 Home",$749.00,4.7 out of 5 stars
"2020 Lenovo IdeaPad 1 14.0"" HD Laptop PC, Intel Pentium Silver N5030 Quad-Core Processor, 4GB Memory, 128GB SSD, HDMI, Webcam, WiFi, Windows 10 S, Ice Blue",$355.00,4.7 out of 5 stars
"ASUS TUF VR Ready Gaming Laptop, 15.6"" IPS FHD, AMD Ryzen 7-4800H Octa-Core up to 4.20 GHz, NVIDIA RTX 2060, 8GB RAM, 512GB SSD, RGB Backlit KB, RJ-45 Ethernet, Win 10",$974.00,4.5 out of 5 stars
"iProda Laptop, 14.1 Inch Notebook (Intel Core i3-6157U 2.4GHz, 8GB RAM, 256GB SSD, Windows 10 Professional) with 1080P FHD Display, Lightweight, Best for Work at Home",$379.98,3.1 out of 5 stars
"Acer Chromebook 314, Intel Celeron N4000, 14"" Full HD Display, 4GB LPDDR4, 64GB eMMC, Gigabit WiFi, Google Chrome, CB314-1H-C884",$289.99,4.5 out of 5 stars
Goldengulf Windows 10 Computer Laptop Mini 10.1 Inch 32GB Ultra Thin and Light Netbook Intel Quad Core CPU PC HDMI WiFi USB Netflix YouTube (Blue),$209.86,3.7 out of 5 stars
"HP Pavilion X360 2-IN-1 11.6"" HD Touch-Screen WLED-backlit Laptop, Intel Pentium N5000 up to 2.7GHz, 4GB DDR4, 128GB SSD, Bluetooth, Wireless-AC, HDMI, Webcam, USB 3.1-C, Media Card Reader, Windows 10",$454.70,4.6 out of 5 stars
"HP 14"" Touchscreen Home and Business Laptop Ryzen 3-3200U, 8GB RAM, 128GB M.2 SSD, Dual-Core up to 3.50 GHz, Vega 3 Graphics, RJ-45, USB-C, 4K Output HDMI, Bluetooth, Webcam, 1366x768, Win 10",$519.00,4.5 out of 5 stars
"Lenovo Chromebook C330 2-in-1 Convertible Laptop, 11.6-Inch HD (1366 x 768) IPS Display, MediaTek MT8173C Processor, 4GB LPDDR3, 64 GB eMMC, Chrome OS, 81HY0000US, Blizzard White",$0,4.5 out of 5 stars
"HP 14b-ca0010nr Chromebook X360 14-Inch HD Touchscreen Laptop, Chrome (Ceramic White/Mineral Silver)",$374.95,4.6 out of 5 stars
"Laptop 14 inch, VUCATIMES 14'' FHD Laptop, Intel Celeron Quad-Core, 6GB RAM 128GB SSD, Dual Band Wi-Fi Laptop Computer, Removable Webcam, Numeric Keypad, Blue",$0,4.2 out of 5 stars
"ASUS VivoBook S13 Thin and Light Laptop, 13.3” FHD Display, Intel Core i5-1035G1 CPU, 8GB LPDDR4X RAM, 512GB PCIe SSD, Windows 10 Home, Fingerprint Reader, Dreamy White, S333JA-DS51-WH",$599.99,4.6 out of 5 stars
"2020_HP 14 14.0"" WLED-Backlit Display Laptop, AMD Athlon Silver 3050U Up to 3.2GHz (Beats i5-7200U), 4GB DDR4 RAM, 128GB SSD, 802.11AC WiFi+ Bluetooth 4.2, Type-C, HDMI, Black, Windows 10",$367.00,4.4 out of 5 stars
"Acer Chromebook 514, CB514-1H-C47X, Intel Celeron N3350, 14"" Full HD, 4GB LPDDR4, 32GB eMMC, Backlit Keyboard, Google Chrome",$359.22,4.4 out of 5 stars
"Dell Latitude 5411 14"" Notebook - Full HD - 1920 x 1080 - Core i7 i7-10850H 10th Gen 2.7GHz Hexa-core (6 Core) - 16GB RAM - 256GB SSD","$1,389.99",-1
"Soundance Laptop Stand, Aluminum Computer Riser, Ergonomic Laptops Elevator for Desk, Metal Holder Compatible with 10 to 15.6 Inches Notebook Computer, Silver",$29.99,4.8 out of 5 stars
"New_Dell_Inspiron 15 5591 2-in-1 15.6-inch FHD IPS LED Backlit Touchscreen Business Laptop, Intel i5-10210U up to 4.2GHz, 8GB DDR4, 256GB PCIe SSD, HDMI, Bluetooth, 802.11AC, Windows 10 with Santex MP",$749.00,-1
"HP Envy X360, 15.6"" FHD IPS Touchscreen, 2019 Flagship 2 in 1 Laptop, AMD Quad-Core Ryzen 5 2500U(>i7-7500U), 8GB DDR4, 256GB PCle SSD, AMD Radeon Vega 8 802.11ac Backlit Keyboard Windows Ink Win 10",$759.64,4.4 out of 5 stars
"ASUS ROG Strix Scar 15 (2020) Gaming Laptop, 15.6” 300Hz FHD IPS Type, NVIDIA GeForce RTX 2070 Super, Intel Core i9-10980HK, 32GB DDR4, 2TB RAID 0 PCIe SSD, Per-Key RGB, Windows 10 Pro, G532LWS-XS99","$2,749.00",4.4 out of 5 stars
"Acer Spin 5 Convertible Laptop, 13.5"" 2K 2256 x 1504 IPS Touch, 10th Gen Intel Core i7-1065G7, 16GB LPDDR4X, 512GB NVMe SSD, Wi-Fi 6, Backlit KB, FPR, Rechargeable Active Stylus, SP513-54N-74V2",$899.99,4.5 out of 5 stars
"Dell Inspiron 15 5000 Series 5502 Laptop i7-1165G7 Processor, 8GB, 1x8GB, 256GB M.2 PCIe NVMe Solid State Drive, 15.6-inch FHD (1920 x 1080) Anti-Glare LED Backlight Non-Touch Display",$699.99,-1
"New 2019 Flagship ASUS X441BA - 14"" HD AMD A6-9225 up to 3.0GHz, 4GB DDR4 RAM, 500GB HDD, AMD Radeon R4, WiFi, Bluetooth, USB 3.1 Type-C, HDMI, Silver Gradient, Windows 10 Home",$397.50,3.8 out of 5 stars
"HP 14"" HD AMD Ryzen 3 3.5GHz 4GB 1TB HDD Radeon Vega 3 Webcam Windows 10 Laptop",$0,4.2 out of 5 stars
"14 inch Laptop Notebook Computer PC, Windows 10 Home 64-bit OS Intel CPU 4GB RAM 64GB Storage, 1366x768 IPS Display 10000 mAh High Battery Life, WiFi Mini HDMI Compatible with Bluetooth",$229.99,3.3 out of 5 stars
"Dell Inspiron 5000 15.6 Inch FHD 1080P Touchscreen Laptop (Intel Core i7-1065G7 up to 3.9GHz, 16GB DDR4 RAM, 512GB SSD, Intel UHD Graphics, Backlit KB, HDMI, WiFi, Bluetooth, Win10)","$1,038.00",4.4 out of 5 stars
"iProda Laptop, 14.1 Inch Notebook (Intel Core i3-6157U 2.4GHz, 8GB RAM, 256GB SSD, Windows 10 Professional) with 1080P FHD Display, Lightweight, Best for Work at Home",$379.98,3.1 out of 5 stars
"Acer Chromebook 314, Intel Celeron N4000, 14"" Full HD Display, 4GB LPDDR4, 64GB eMMC, Gigabit WiFi, Google Chrome, CB314-1H-C884",$289.99,4.5 out of 5 stars
"New HP 14-dq0005cl Laptop with Office 365 14"" 4GB RAM 64GB 14-dq0005cl",$439.00,4.3 out of 5 stars
"Newest HP 15.6"" HD Touchscreen Premium Business Laptop | 10th Gen Intel Dual-Core i3-1005G1 Upto 3.4GHz | 8GB RAM | 256GB SSD | WiFi | HDMI | Bluetooth | Webcam | Windows 10",$538.66,4.8 out of 5 stars
"ASUS ROG Strix G17 (2020) Gaming Laptop, 17.3” 144Hz FHD IPS Type Display, NVIDIA GeForce RTX 2070, Intel Core i7-10750H, 16GB DDR4, 512GB PCIe NVMe SSD, RGB Keyboard, Windows 10, Black, G712LW-ES74","$1,399.99",4.7 out of 5 stars
"HP 2019 14"" Laptop - Intel Core i3 - 8GB Memory - 128GB Solid State Drive - Ash Silver Keyboard Frame (14-CF0014DX)",$495.00,4.4 out of 5 stars
"Newest_HP 14 14.0"" WLED-Backlit Display Laptop, AMD Athlon Silver 3050U Up to 3.2GHz (Beats i5-7200U), 4GB DDR4 RAM, 128GB SSD, 802.11AC WiFi+ Bluetooth 4.2, Type-C, Black, , HDMI, Windows 10",$379.00,4.4 out of 5 stars
"ROG Zephyrus G15 (2020) Ultra Slim Gaming Laptop, 15.6” 240Hz FHD, GeForce RTX 2060, AMD Ryzen 7 4800HS, 16GB DDR4, 1TB PCIe NVMe SSD, Windows 10 Pro, GA502IV-XS76",$0,4.2 out of 5 stars
"2020 Asus VivoBook 15 Thin & Light Laptop: 10th Gen Core i7-1065G7, 256GB SSD, 8GB RAM, 15.6"" Full HD Display, Backlit Keyboard, Windows 10",$669.00,4.5 out of 5 stars
"HP - Pavilion x360 2-in-1 11.6"" Touch-Screen Laptop - Intel Pentium - 4GB Memory - 128GB Solid State Drive - Ash Silver Keyboard Frame, Natural Silver",$0,4.5 out of 5 stars
"Acer Chromebook 514, CB514-1H-C47X, Intel Celeron N3350, 14"" Full HD, 4GB LPDDR4, 32GB eMMC, Backlit Keyboard, Google Chrome",$359.22,4.4 out of 5 stars
"Dell Latitude 5411 14"" Notebook - Full HD - 1920 x 1080 - Core i7 i7-10850H 10th Gen 2.7GHz Hexa-core (6 Core) - 16GB RAM - 256GB SSD","$1,389.99",-1
Compact Laptop Case in Soft and Supple Full Grain Leather.Brass Hardware - Black.,$89.00,-1
"Soundance Laptop Stand, Aluminum Computer Riser, Ergonomic Laptops Elevator for Desk, Metal Holder Compatible with 10 to 15.6 Inches Notebook Computer, Silver",$29.99,4.8 out of 5 stars
"Lenovo Chromebook S330 Laptop, 14-Inch FHD (1920 x 1080) Display, MediaTek MT8173C Processor, 4GB LPDDR3, 64GB eMMC, Chrome OS, 81JW0000US, Business Black",$0,4.3 out of 5 stars
"2019 New Dell Inspiron 17 PC Laptop: 17.3 Inch FHD(1980x1080) Non-Touch IPS Display, Intel CPU-i3-7020u, 8GB RAM, 1TB HDD, WiFi, Bluetooth, HDMI, Webcam, DVDRW, Windows 10",$618.00,4.2 out of 5 stars
"ASUS ZenBook 13 Ultra-Slim Laptop 13.3” FHD NanoEdge Bezel Display, Intel Core i5-1035G1, 8GB LPDDR4X RAM, 256GB PCIe SSD, NumberPad, Thunderbolt, Wi-Fi 6, Windows 10 Pro, Pine Grey, UX325JA-XB51",$699.99,4.4 out of 5 stars
Laptop Computer 14 inch Windows 10 Notebook PC - HAOQIN HaoBook140 Intel Celeron N3350 6GB DDR RAM 128GB SSD HD IPS Display 5.0GHz WiFi Bluetooth 4.2 HDMI Pink,$339.99,3.9 out of 5 stars
"EVOO Gaming 15.6” Laptop, FHD, 144Hz, AMD Ryzen 7 4800H Processor, NVIDIA GeForce RTX 2060, THX Spatial Audio, 512GB SSD, 16GB RAM, RGB Backlit Keyboard, HD Camera, Windows 10 Home, Black","$1,019.99",5.0 out of 5 stars
"2020 Dell Inspiron 3000 15.6-inch HD Touchscreen Laptop PC, Intel 10th Gen Dual Core i3-1005G1 Processor, 8GB DDR4, 128GB SSD, 1TB HDD, Bluetooth, Windows 10, Black",$0,4.6 out of 5 stars
"2020 14.1 inch Laptop, IPS Display, Intel 64-bit Dual-core Atom x5 Processor, 6GB RAM, 64GB eMMC ROM, scalable 1TB SSD Solid State Drive, 10000 mAh high Battery Life, Windows 10 Home",$239.99,2.7 out of 5 stars
"2019 HP 17.3"" HD+ Flagship Home & Business Laptop, Intel Quad Core i5-8265U Processor Upto 3.9GHz, 8GB RAM, 256GB SSD, DVD-RW, WiFi, HDMI, GbE LAN, Bluetooth, Windows 10, Black",$689.00,4.6 out of 5 stars
"iProda Laptop, 14.1 Inch Notebook (Intel Core i3-6157U 2.4GHz, 8GB RAM, 256GB SSD, Windows 10 Professional) with 1080P FHD Display, Lightweight, Best for Work at Home",$379.98,3.1 out of 5 stars
"Acer Chromebook 314, Intel Celeron N4000, 14"" Full HD Display, 4GB LPDDR4, 64GB eMMC, Gigabit WiFi, Google Chrome, CB314-1H-C884",$289.99,4.5 out of 5 stars
"Asus TUF 15.6-inch FHD Gaming Laptop, AMD Quad Core Ryzen 5 3550H Processor, Nvidia Geforce GTX 1650 4GB Graphics, 8GB DDR4 RAM, 256GB Solid State Drive, RGB Backlit Keyboard, Windows 10 Home, Black",$0,5.0 out of 5 stars
"2020 ASUS VivoBook 15 15.6 Inch FHD 1080P Laptop (AMD Ryzen 3 3200U up to 3.5GHz, 8GB DDR4 RAM, 256GB SSD, AMD Radeon Vega 3, Backlit Keyboard, FP Reader, WiFi, Bluetooth, HDMI, Windows 10) (Grey)",$509.90,4.4 out of 5 stars
"Jumper Windows 10 Laptop, Laptop Computer 13.3 Inch PC Laptops Intel N3350 4GB DDR3L 64GB ROM Supports up to 256GB TF Card Expansion with Office 365 Personal for 1 Year.",$259.00,4.0 out of 5 stars
"Dell Inspiron 17 3793, i3793-5841BLK-PUS, 10th Generation Intel Core i5-1035G1, 17.3-Inch FHD (1920 X 1080), 8GB x 1 DDR4 2666MHz, 1 TB 5400 RPM, Tray Load DVD Drive",$710.00,4.2 out of 5 stars
Samsung Galaxy Book Ion 15.6” Laptop| QLED Display and Intel Core i7 Processor | 8GB Memory | 512GB SSD | Long Battery Life and Windows 10 Operating System | (NP950XCJ-K01US),$899.00,4.6 out of 5 stars
"2020 Newest Dell Inspiron 15 3000 PC Laptop: 15.6"" HD Anti-Glare LED-Backlit Nontouch Display, Intel 2-Core 4205U Processor, 4GB RAM, 1TB HDD, WiFi, Bluetooth, HDMI, Webcam,DVD-RW, Win 10",$485.98,4.1 out of 5 stars
"HP Envy X360 2-in-1 Touchscreen Laptop 15.6"" FHD i7-10510U Business PC, 32GB RAM, 1TB SSD, Quad-Core up to 4.90 GHz, USB-C, Fingerprint, Backlight Keyboard, B&O Speakers, Webcam, Win 10","$1,230.00",4.2 out of 5 stars
"2019 14"" Thin and Light Laptop Intel Atom X5-E8000 Quad core, 1.04Ghz CPU, up to 2.0Ghz, 4GB RAM, 64GB eMMC, Expandable 1TB HDD, WiFi, Mini HDMI Windows 10 Home",$229.00,2.8 out of 5 stars
"Acer Chromebook 514, CB514-1H-C47X, Intel Celeron N3350, 14"" Full HD, 4GB LPDDR4, 32GB eMMC, Backlit Keyboard, Google Chrome",$359.22,4.4 out of 5 stars
"Dell Latitude 5411 14"" Notebook - Full HD - 1920 x 1080 - Core i7 i7-10850H 10th Gen 2.7GHz Hexa-core (6 Core) - 16GB RAM - 256GB SSD","$1,389.99",-1
"Dell Latitude 5411 14"" Notebook - Full HD - 1920 x 1080 - Core i7 i7-10850H 10th Gen 2.7GHz Hexa-core (6 Core) - 16GB RAM - 256GB SSD","$1,389.99",-1
"Soundance Laptop Stand, Aluminum Computer Riser, Ergonomic Laptops Elevator for Desk, Metal Holder Compatible with 10 to 15.6 Inches Notebook Computer, Silver",$29.99,4.8 out of 5 stars
"MSI GS75 Stealth-479 17.3"" Gaming Laptop 144Hz Display, Thin Bezel, Intel Core i9-9880H, NVIDIA GeForce RTX2080, 32GB, 1TB NVMe SSD, Thunderbolt 3 (Renewed)","$2,199.95",-1
"2020_Lenovo_IdeaPad 3 15.6"" FHD Laptop, Intel 10th Gen Core i3-1005G1, 8GB Memory, 256GB PCIe SSD, Webcam, 802.11ac WiFi, HDMI, Bluetooth, Win10, w/Santax Accessory",$479.00,-1
"2020 HP Pavilion 15.6 Inch FHD 1080P Touchscreen Laptop (Intel Core i7-1065G7 up to 3.9GHz, 16GB DDR4 RAM, 1TB HDD, Intel Iris Plus, Backlit KB, HDMI, WiFi, Bluetooth, Win10)",$905.00,4.2 out of 5 stars
"HP 15.6"" HD Intel 10th Gen i3-1005G1 3.4GHz 8GB RAM 256GB SSD Win 10 Laptop",$0,5.0 out of 5 stars
"Dell Inspiron 15 5000 - 15 Inch FHD, Intel Core i5, 8GB Memory, 512GB Solid State Drive, Windows 10 Home (Latest Model) - Silver",$0,3.9 out of 5 stars
"2020 HP 17.3"" HD+ Premium Laptop Computer, AMD Ryzen 5 3500U Quad-Core Up to 3.7GHz, 12GB DDR4 RAM, 256GB SSD, DVDRW, AMD Radeon Vega 8, 802.11ac WiFi, Bluetooth 4.2, USB 3.1, HDMI, Black, Windows 10",$0,4.5 out of 5 stars
"New Apple MacBook Pro (16-inch, 16GB RAM, 512GB Storage) - Space Gray",$0,4.7 out of 5 stars
"HP 15.6"" Full HD Laptop, Intel Core i7-1065G7 Processor, 8GB Memory, 256GB SSD, 2 Year Warranty Care Pack with Accidental Damage Protection, Windows 10 Home",$749.00,4.7 out of 5 stars
"iProda Laptop, 14.1 Inch Notebook (Intel Core i3-6157U 2.4GHz, 8GB RAM, 256GB SSD, Windows 10 Professional) with 1080P FHD Display, Lightweight, Best for Work at Home",$379.98,3.1 out of 5 stars
"Acer Chromebook 314, Intel Celeron N4000, 14"" Full HD Display, 4GB LPDDR4, 64GB eMMC, Gigabit WiFi, Google Chrome, CB314-1H-C884",$289.99,4.5 out of 5 stars
Goldengulf Windows 10 Computer Laptop Mini 10.1 Inch 32GB Ultra Thin and Light Netbook Intel Quad Core CPU PC HDMI WiFi USB Netflix YouTube (Blue),$209.86,3.7 out of 5 stars
"ASUS TUF VR Ready Gaming Laptop, 15.6"" IPS FHD, AMD Ryzen 7-4800H Octa-Core up to 4.20 GHz, NVIDIA RTX 2060, 32GB RAM, 1TB SSD, RGB Backlit KB, RJ-45 Ethernet, Win 10","$1,224.99",4.5 out of 5 stars
"2020_HP 14 14.0"" WLED-Backlit Display Laptop, AMD Athlon Silver 3050U Up to 3.2GHz (Beats i5-7200U), 4GB DDR4 RAM, 128GB SSD, 802.11AC WiFi+ Bluetooth 4.2, Type-C, HDMI, Black, Windows 10",$367.00,4.4 out of 5 stars
"Laptop 14 Inch, Windows 10, 6GB RAM, 128GB SSD Storage, Intel Celeron Processor N3350, Touch Numeric Keypad, Webcam Baffle, Winbook 140, Space Grey",$289.00,4.0 out of 5 stars
"2019 Newest Lenovo Premium PC Laptop IdeaPad L340: 17.3 HD Display, AMD Ryzen 5-3500 Processor, 8GB Ram, 256GB SSD, WiFi, Bluetooth, DVDRW, USB-C, HDMI, Webcam, Dolby Audio, Windows 10",$0,4.5 out of 5 stars
"HP 15.6in Laptop (Intel Pentium Quad-Core N5000, 4GB RAM, 500GB Hard Drive, HDMI, WiFi, Bluetooth, HD Webcam, Windows 10 S) (Renewed)",$329.00,4.2 out of 5 stars
"Acer Chromebook 514, CB514-1HT-C7AZ, Intel Celeron N3450, 14"" Full HD Touch Display, 4GB LPDDR4, 64GB eMMC, Backlit Keyboard, Google Chrome",$414.00,4.4 out of 5 stars
"ASUS VivoBook S13 Thin and Light Laptop, 13.3” FHD Display, Intel Core i5-1035G1 CPU, 8GB LPDDR4X RAM, 512GB PCIe SSD, Windows 10 Home, Fingerprint Reader, Indie Black, S333JA-DS51",$599.99,4.6 out of 5 stars
"Acer Chromebook 514, CB514-1H-C47X, Intel Celeron N3350, 14"" Full HD, 4GB LPDDR4, 32GB eMMC, Backlit Keyboard, Google Chrome",$359.22,4.4 out of 5 stars
"New 15.6"" Laptop - Intel Quad-CPU Intel Celeron J3455 1.5GHz - 6GB Memory - 128GB Emmc -10000mAh Large Capacity Battery Endurance 2020",$329.99,3.8 out of 5 stars
"Soundance Laptop Stand, Aluminum Computer Riser, Ergonomic Laptops Elevator for Desk, Metal Holder Compatible with 10 to 15.6 Inches Notebook Computer, Silver",$29.99,4.8 out of 5 stars
Compact Laptop Case in Soft and Supple Full Grain Leather.Brass Hardware - Black.,$89.00,-1
"New Alienware m15 R3 15.6inch FHD Gaming Laptop (Luna Light) Intel Core i7-10750H 10th Gen, 16GB DDR4 RAM, 512GB SSD, Nvidia GeForce RTX 2060 6GB GDDR6, Windows 10 Home (AWm15-7272WHT-PUS)","$1,779.00",4.4 out of 5 stars
"HP 15.6"" HD Intel 10th Gen i3-1005G1 3.4GHz 4GB RAM 128GB SSD Webcam Windows 10 Laptop (1W830UA)",$417.29,4.5 out of 5 stars
"2020 Lenovo Yoga C740 14"" FHD IPS Touchscreen Premium 2-in-1 Laptop, 10th Gen Intel Quad Core i5-10210U, 8GB RAM, 512GB PCIe SSD, Backlit Keyboard, Fingerprint Reader, Windows 10, Aluminum Chassis",$739.00,5.0 out of 5 stars
"Lenovo IdeaPad 3 15"" Laptop, 15.6"" HD (1366 x 768) Display, AMD Ryzen 3 3250U Processor, 4GB DDR4 Onboard RAM, 128GB SSD, AMD Radeon Vega 3 Graphics, Windows 10, 81W10094US, Business Black",$419.88,4.5 out of 5 stars
"2020 Lenovo IdeaPad 3 15.6"" Full HD Laptop, AMD Ryzen 5 3500U Quad-Core Processor, 8GB Memory, 256GB SSD, Vega 8 Graphics, Webcam, WiFi, Windows 10, Abyss Blue, Google Classroom Compatible",$499.99,4.0 out of 5 stars
"2020 ASUS ROG Zephyrus G14 14"" VR Ready FHD Gaming Laptop,8 cores AMD Ryzen 7 4800HS(Upto 4.2 GHzBeat i7-10750H),Backlight,HDMI,USB C,NVIDIA GeForce GTX 1650,Gray,Win 10 (24GB RAM|1TB PCIe SSD)","$1,230.23",4.5 out of 5 stars
Laptop 15.6 inch Notebook 8GB RAM 128GB SSD YELLYOUTH Full HD 1920 x 1080 Intel CPU Quad Core Computer with WiFi HDMI Windows 10 Notebook Silver,$289.99,3.6 out of 5 stars
"LG Gram Laptop - 14"" Full HD IPS Display, Intel 10th Gen Core i7-1065G7 CPU, 16GB RAM, 512GB M.2 MVMe SSD, Thunderbolt 3, 18.5 Hour Battery Life - 14Z90N (2020)","$1,146.99",4.5 out of 5 stars
"iProda Laptop, 14.1 Inch Notebook (Intel Core i3-6157U 2.4GHz, 8GB RAM, 256GB SSD, Windows 10 Professional) with 1080P FHD Display, Lightweight, Best for Work at Home",$379.98,3.1 out of 5 stars
"Acer Chromebook 314, Intel Celeron N4000, 14"" Full HD Display, 4GB LPDDR4, 64GB eMMC, Gigabit WiFi, Google Chrome, CB314-1H-C884",$289.99,4.5 out of 5 stars
"2020 Newest Lenovo IdeaPad 3 Laptop, 14"" Full HD Narrow-Bezel Screen, AMD Ryzen 3 3250U Dual-Core Processor, 8GB DDR4 Memory, 1TB Hard Disk Drive, Webcam, HDMI, Wi-Fi, Windows 10 Home, Abyss Blue",$439.98,3.4 out of 5 stars
"Latest Gen 8 Lenovo ThinkPad X1 Carbon 14"" FHD Ultrabook (400 nits) with 10th Gen Intel i7-10510U Processor up to 4.90 GHz, 1 TB PCIe SSD, 16GB RAM, and Windows 10 Pro","$1,433.49",5.0 out of 5 stars
Laptop 15.6inch，1920x1080 high-Definition Display，8G RAM ，256G SSD，Windows 10pro（Silvery）,$368.99,3.2 out of 5 stars
"2020 Dell Inspiron 14"" Laptop Computer 10th Gen Intel i3 1005G1 Up to 3.4GHz 4GB DDR4 RAM 128GB PCIe SSD Untel UHD Graphics HDMI 802.11ac WiFi Bluetooth 4.1 Windows 10",$438.00,4.0 out of 5 stars
"HP Stream 14-Inch Laptop, Intel Celeron N4000, 4 GB RAM, 64 GB eMMC, Windows 10 Home in S Mode (14-cb159nr, Jet Black)",$0,4.4 out of 5 stars
"HP 14 inch Laptop Ryzen 3-3250U, 16GB RAM, 256GB M.2 SSD, Dual-Core up to 3.50 GHz, Vega 3 Graphics, RJ-45, USB-C, 4K Output HDMI, Bluetooth, Webcam,Win10 with Free Rock eDigital Accessories",$0,-1
"14.1"" Full HD Windows 10 Professional Slim n Light Laptop, Revolutionary Design - 4GB RAM, 64GB Storage S14+ Model Lapbook, Intel Celeron, USB 3.0, 5GHz WiFi, Expandable Storage",$259.95,4.2 out of 5 stars
"2020 Dell Inspiron 15 15.6"" HD High Performance Laptop, Intel Core i3-1005G1 Processor, 4GB RAM, 128GB SSD, HDMI, USB 3.1, Webcam, Wireless-AC, Bluetooth, Wave MaxxAudio Pro, Windows 10 S, Black",$438.00,5.0 out of 5 stars
"Acer Chromebook 514, CB514-1H-C47X, Intel Celeron N3350, 14"" Full HD, 4GB LPDDR4, 32GB eMMC, Backlit Keyboard, Google Chrome",$359.22,4.4 out of 5 stars
"Dell Latitude 5411 14"" Notebook - Full HD - 1920 x 1080 - Core i7 i7-10850H 10th Gen 2.7GHz Hexa-core (6 Core) - 16GB RAM - 256GB SSD","$1,389.99",-1
"Dell Latitude 5411 14"" Notebook - Full HD - 1920 x 1080 - Core i7 i7-10850H 10th Gen 2.7GHz Hexa-core (6 Core) - 16GB RAM - 256GB SSD","$1,389.99",-1
"Soundance Laptop Stand, Aluminum Computer Riser, Ergonomic Laptops Elevator for Desk, Metal Holder Compatible with 10 to 15.6 Inches Notebook Computer, Silver",$29.99,4.8 out of 5 stars
"ASUS VivoBook 15.6” FHD Laptop, AMD Quad Core R5-3500U, GeForce GTX 1050 Graphics, 8GB DDR4 RAM, 512GB PCIe SSD, Windows 10 Home, Wi-Fi 5, Fingerprint, Backlit KB, Black, M570DD-DS55",$599.99,4.6 out of 5 stars
"MSI GF65 Thin 9SD-252 15. 6"" 120Hz Gaming Laptop Intel Core i7-9750H GTX1660Ti 8GB 512GB SSD Win10",$0,4.5 out of 5 stars
"2020 New HP 17-by3063st 17.3"" HD+ Display Notebook, Intel i3-1005G1, 8GB Memory, 128GB SSD + 1TB Hard Drive, Windows 10, Silver",$564.99,-1
"Panasonic Toughbook CF-19, MK6, 10.1"" Multi Touchscreen + Digitizer, Rugged Laptop Convertible Tablet, Intel Core i5 @2.60GHz, 8GB, 128GB SSD, Windows 10 Pro, GPS, Fingerprint Reader (Renewed)",$0,3.8 out of 5 stars
"2018 Lenovo ideapad 320 15.6"" LED-backlit Display Laptop, Intel Celeron N3350 Dual-Core Processor, 4GB RAM, 1TB HDD, DVD-RW, WIFI, Bluetooth, HDMI, Intel HD Graphics 500, Windows 10, Purple",$0,3.8 out of 5 stars
"HP 14"" Core i3 1005G1 Up to 3.4GHz 8GB 256GB SSD 1080P 14-dq1043cl Backlit Keyboard",$477.57,4.6 out of 5 stars
"2020 15.6 inch Laptop, IPS Display, Intel 64-bit Quad-core celeron_j3455 Processor, 6GB RAM, 256GB SSD, scalable 1TB SSD Solid State Drive, Chocolate Keyboard, Windows 10",$398.00,3.9 out of 5 stars
"Samsung Notebook 9 Pro NP940X5N-X01US 15"" FHD 2-in-1 Touch Screen Laptop, 8th Gen Intel Quad-Core i7-8550U Up To 4GHz, 16GB DDR4, 256GB SSD, Backlit Keyboard, Windows 10, Built-in S Pen, Titan Silver",$918.09,4.1 out of 5 stars
"iProda Laptop, 14.1 Inch Notebook (Intel Core i3-6157U 2.4GHz, 8GB RAM, 256GB SSD, Windows 10 Professional) with 1080P FHD Display, Lightweight, Best for Work at Home",$379.98,3.1 out of 5 stars
"Acer Chromebook 314, Intel Celeron N4000, 14"" Full HD Display, 4GB LPDDR4, 64GB eMMC, Gigabit WiFi, Google Chrome, CB314-1H-C884",$289.99,4.5 out of 5 stars
"CHUWI CoreBook Pro 13"" Laptop with Intel Core i3 Processor 8GB RAM 256GB SSD 2160x1440 Pixels IPS Display, Backlit Keyboard, AC Wi-Fi, BT4.2 Type-C, Stereo Speakers, Windows 10 Notebook Light and Thin",$439.00,-1
"2020 HP 14“ Laptop (AMD A9-9425 up to 3.7 GHz, 4GB DDR4 RAM, 128GB SSD, AMD Radeon R5 Graphic, Wi-Fi, Bluetooth, HDMI, Windows 10 Home)",$0,4.5 out of 5 stars
"New ! Dell Inspiron i3583 15.6"" HD Touch-Screen Laptop - Intel i3-8145U - 8GB DDR4-128GB SSD - Windows 10 - Wireless-AC - Bluetooth - SD Card Reader - HDMI & USB 3.1 -Waves MaxxAudio Pro- Black",$0,4.5 out of 5 stars
"ASUS VivoBook 15.6"" FHD (1920 x1080) Display Laptop PC, AMD Ryzen 7 3700U Processor, 12GB DDR4, 512GB PCIe SSD, Bluetooth, Webcam, HDMI, WiFi, AMD Radeon RX Vega 10 Graphics, Windows 10 Home",$824.52,4.6 out of 5 stars
2 in 1 Laptop Jumper x1 Windows 10 Laptop FHD Touchscreen Display Laptop Computer 11.6 inch 6GB RAM 128GB ROM,$245.65,3.9 out of 5 stars
"Latest_Dell Inspiron 15 5000 15.6"" FHD Display Laptop, 10th Generation Intel Core i5-1035G1 Processor, 8GB RAM, 256GB SSD, Fingerprint Reader, Wireless+Bluetooth, HDMI，Window 10",$773.00,4.6 out of 5 stars
"Lenovo Ideapad 15.6"" HD High Performance Laptop, AMD A12-9720P Quad core processor 2.7GHz, 8GB DDR4, 1TB HDD, DVD, Webcam, WiFi,Bluetooth, Windows 10, Platinum gray",$0,3.9 out of 5 stars
"ASUS - FX505DD 15.6"" Gaming Laptop - AMD Ryzen 5 - 8GB Memory - NVIDIA GeForce GTX 1050 - 256GB Solid State Drive - Black",$698.00,4.3 out of 5 stars
"Acer Chromebook 514, CB514-1H-C47X, Intel Celeron N3350, 14"" Full HD, 4GB LPDDR4, 32GB eMMC, Backlit Keyboard, Google Chrome",$359.22,4.4 out of 5 stars
"13.3 inch Laptop (Intel Celeron N3350 64 bit ,6GB DDR3 RAM ,64GB eMMC ,10000mAH Battery ,HD Webcam ,Windows 10 OS Preinstalled ,1366 768 FHD IPS Display ) Notebook (Silver)",$239.99,2.3 out of 5 stars
"Soundance Laptop Stand, Aluminum Computer Riser, Ergonomic Laptops Elevator for Desk, Metal Holder Compatible with 10 to 15.6 Inches Notebook Computer, Silver",$29.99,4.8 out of 5 stars
Compact Laptop Case in Soft and Supple Full Grain Leather.Brass Hardware - Black.,$89.00,-1
"MSI GS75 Stealth 10SF-609 17.3"" 240Hz Ultra Thin and Light Gaming Laptop Intel Core i7-10875H RTX2070 32GB 512GB NVMe SSD Win10PRO VR Ready","$1,849.00",4.3 out of 5 stars
"HP Pavilion Gaming 15-Inch Micro-EDGE Laptop, Intel Core i5-9300H Processor, NVIDIA GeForce GTX 1650 (4 GB), 8 GB SDRAM, 256 GB SSD, Windows 10 Home (15-dk0020nr, Shadow Black/Acid Green)",$674.97,4.6 out of 5 stars
"2020 HP 14-inch HD Touchscreen Premium Laptop PC, AMD Ryzen 3 3200U Processor, 8GB DDR4 Memory, 256GB SSD, Bluetooth, Windows 10, Silver",$501.00,4.6 out of 5 stars
"HP Pavilion 15.6"" Touchscreen Laptop - 10th Gen Intel Core i7-1065G7 - 12GB Memory - 1TB Hard Drive",$798.00,4.5 out of 5 stars
"HP 15.6"" HD Intel 10th Gen i3-1005G1 3.4GHz 8GB RAM 256GB SSD Win 10 Laptop",$0,5.0 out of 5 stars
"2020 Newest Acer Aspire 5 15.6"" FHD 1080P Laptop Computer AMD Ryzen 3 3200U up to 3.5 GHz(Beat i5-7200u) 8GB RAM 256GB SSD Backlit Keyboard WiFi Bluetooth HDMI Windows 10 Pro",$0,5.0 out of 5 stars
"2020 HP Pavilion 15.6"" 2-in-1 Convertible HD Touchscreen Laptop Intel Core i5-10210U 8GB DDR4 512GB M.2 SSD Windows 10",$699.99,4.3 out of 5 stars
"2020 Lenovo IdeaPad 3 14.0"" FHD 1080p Non-Touchscreen Laptop, AMD Ryzen 5 3500U Processor, 8GB DDR4 RAM, 256GB SSD, AMD Radeon Vega 8, HDMI, Wi-Fi 5, Narrow Bezel, Windows 10, Abyss Blue",$479.00,-1
"iProda Laptop, 14.1 Inch Notebook (Intel Core i3-6157U 2.4GHz, 8GB RAM, 256GB SSD, Windows 10 Professional) with 1080P FHD Display, Lightweight, Best for Work at Home",$379.98,3.1 out of 5 stars
"Acer Chromebook 314, Intel Celeron N4000, 14"" Full HD Display, 4GB LPDDR4, 64GB eMMC, Gigabit WiFi, Google Chrome, CB314-1H-C884",$289.99,4.5 out of 5 stars
"ASUS VivoBook S13 Thin and Light Laptop, 13.3” FHD Display, Intel Core i5-1035G1 CPU, 8GB LPDDR4X RAM, 512GB PCIe SSD, Windows 10 Home, Fingerprint Reader, Dreamy White, S333JA-DS51-WH",$599.99,4.6 out of 5 stars
"Acer Predator Helios 300 Gaming Laptop, Intel Core i7-9750H, GeForce GTX 1660 Ti, 15.6"" Full HD 144Hz Display, 3ms Response Time, 16GB DDR4, 512GB PCIe NVMe SSD, RGB Backlit Keyboard, PH315-52-710B","$1,299.00",4.7 out of 5 stars
"HP 14-inch Touchscreen Laptop, AMD Ryzen 3-3200U up to 3.5GHz, 8GB DDR4, 256GB SSD, Bluetooth, USB 3.1 Type-C, Webcam, WiFi, HDMI, Windows 10 Home",$503.95,4.6 out of 5 stars
"2020 Lenovo ThinkPad E15 15.6"" FHD Full HD (1920x1080) Business Laptop (Intel 10th Quad Core i5-10210U, 32GB DDR4 RAM, 1TB SSD) Type-C, HDMI, Windows 10 Pro + IST Computers HDMI Cable",$996.94,4.7 out of 5 stars
"ASUS VivoBook S14 S433 Thin and Light Laptop, 14” FHD Display, Intel Core i5-1135G7 CPU, 8GB DDR4 RAM, 512GB PCIe SSD, Thunderbolt 3, Wi-Fi 6, Windows 10 Home, Dreamy White, S433EA-DH51-WH",$658.00,-1
"2020 Lenovo IdeaPad 3 17"" Laptop, AMD Ryzen 7 3700U, Webcam, Fingerprint Reader, Numeric Keypad, Bluetooth, HDMI, AMD Radeon Vega 10 Graphics, Windows 10, Platinum Grey (12GB|128GB SSD|1TB HDD)",$664.99,3.8 out of 5 stars
"2020 HP 15.6"" HD LED Display Laptop, Intel Pentium Gold 6405U Processor, 4GB DDR4 RAM, 128GB SSD, HDMI, Webcam, WI-FI, Windows 10 S, Scarlet Red",$353.31,4.7 out of 5 stars
"2019 Newest Lenovo Premium PC Laptop IdeaPad L340: 17.3 HD Display, AMD Ryzen 5-3500 Processor, 8GB Ram, 256GB SSD, WiFi, Bluetooth, DVDRW, USB-C, HDMI, Webcam, Dolby Audio, Windows 10",$0,4.5 out of 5 stars
"Acer Chromebook 514, CB514-1H-C47X, Intel Celeron N3350, 14"" Full HD, 4GB LPDDR4, 32GB eMMC, Backlit Keyboard, Google Chrome",$359.22,4.4 out of 5 stars
"Dell Latitude 5411 14"" Notebook - Full HD - 1920 x 1080 - Core i7 i7-10850H 10th Gen 2.7GHz Hexa-core (6 Core) - 16GB RAM - 256GB SSD","$1,389.99",-1
"Soundance Laptop Stand, Aluminum Computer Riser, Ergonomic Laptops Elevator for Desk, Metal Holder Compatible with 10 to 15.6 Inches Notebook Computer, Silver",$29.99,4.8 out of 5 stars
Compact Laptop Case in Soft and Supple Full Grain Leather.Brass Hardware - Black.,$89.00,-1
"Acer Aspire 7 Laptop, 15.6"" Full HD IPS Display, AMD Ryzen 5 3550H, NVIDIA GeForce GTX 1650, 8GB DDR4, 512GB NVMe SSD, Backlit Keyboard, Windows 10 Home, A715-41G-R7X4",$749.99,4.5 out of 5 stars
"Flagship 2019 HP 14"" FHD Laptop | Intel Quad-Core Pentium Silver N5000 Up to 2.7Ghz |4GB DDR4 | 64GB eMMC SSD | Office 365 Personal-1yr | Win 10 S| Support up to 256G Micro SD Extra Storage",$359.95,4.3 out of 5 stars
"ASUS Chromebook Flip C434 2 in 1 Laptop, 14"" Touchscreen FHD 4-Way NanoEdge Display, Intel Core M3-8100Y Processor, 4GB RAM, 32GB eMMC Storage, Backlit Keyboard, Silver, Chrome OS, C434TA-DH342T",$538.00,4.4 out of 5 stars
"2020_Lenovo IdeaPad 3 15.6"" HD Laptop PC, Intel 10th Gen Core i3-1005G1 CPU, 8GB DDR4 RAM, 256GB SSD, Camera, WiFi, Bluetooth (10th Gen Core i3-1005G1 CPU)",$485.00,4.5 out of 5 stars
"Newest HP 14"" HD Premium Business Laptop PC | 10th Gen Intel Quad-Core i5-1035G1 up to 3.6GHz | 8GB RAM | 256GB SSD | WiFi | HDMI | Card Reader | Bluetooth | Windows 10 | Silver",$565.99,4.2 out of 5 stars
"ASUS Q550LF-BBI7T07 15.6"" Touch Screen 8GB Memory 1TB Hard Drive",$0,3.9 out of 5 stars
"Samsung Chrome OS 15.6"" Full HD Intel Celeron Processor N4000 4GB RAM 64GB eMMC Gigabit Wi-Fi -XE350XBA-K02US (Renewed)",$0,4.5 out of 5 stars
"Dell Inspiron 13 2-in-1 7391-13.3"" 4K Touch - 10th gen i7-10510U - 16GB - 512GB SSD",$990.00,4.4 out of 5 stars
"iProda Laptop, 14.1 Inch Notebook (Intel Core i3-6157U 2.4GHz, 8GB RAM, 256GB SSD, Windows 10 Professional) with 1080P FHD Display, Lightweight, Best for Work at Home",$379.98,3.1 out of 5 stars
"Acer Chromebook 314, Intel Celeron N4000, 14"" Full HD Display, 4GB LPDDR4, 64GB eMMC, Gigabit WiFi, Google Chrome, CB314-1H-C884",$289.99,4.5 out of 5 stars
"Acer Aspire 5 A515-55-378V, 15.6"" Full HD Display, 10th Gen Intel Core i3-1005G1 Processor (Up to 3.4GHz), 4GB DDR4, 128GB NVMe SSD, WiFi 6, HD Webcam, Backlit Keyboard, Windows 10 in S Mode",$474.90,4.6 out of 5 stars
"Microsoft Surface Laptop 3 – 13.5"" Touch-Screen – Intel Core i5 - 8GB Memory - 256GB Solid State Drive (Latest Model) – Cobalt Blue with Alcantara (Renewed)",$839.00,4.3 out of 5 stars
"Lenovo Yoga C740-15.6"" FHD Touch - 10th gen i5-10210U - 12GB - 256GB SSD - Gray",$806.90,4.6 out of 5 stars
"HP Envy x360 Convertible 15.6-inch Full HD Touchscreen, 10th gen Intel Core i7-10510U, 8GB DDR4 Memory, 512GB PCIe NVMe SSD, Natural Silver",$929.00,4.7 out of 5 stars
"2020 Lenovo IdeaPad 3 15.6"" Full HD Laptop, AMD Ryzen 5 3500U Quad-Core Processor, 8GB Memory, 256GB SSD, Vega 8 Graphics, Webcam, WiFi, Windows 10, Almond, Google Classroom Compatible",$512.00,-1
"Acer Aspire 3 15.6"" FHD Laptop Computer 10th Gen Intel Core i5-1035G1 Processor (Up to 3.6GHz) 16GB RAM 1TB SSD WiFi 5 Bluetooth HDMI Windows 10 Pro",$0,-1
"HP 17.3"" HD+ Laptop, Intel Core i7-8565U Processor, 8GB Memory, 256GB SSD Storage, Optical Drive, Backlit Keyboard, 2-Year HP Care Pack with Accidental Damage Protection, Windows 10 Home",$0,4.6 out of 5 stars
"Lenovo IdeaPad 14-inch HD WLED AMD A6-9229e 4GB 64GB eMMC Win 10 Laptop Platinum , Grey, 14-14.99 inches",$239.00,3.8 out of 5 stars
"Acer Chromebook 514, CB514-1H-C47X, Intel Celeron N3350, 14"" Full HD, 4GB LPDDR4, 32GB eMMC, Backlit Keyboard, Google Chrome",$359.22,4.4 out of 5 stars
"Dell Latitude 5411 14"" Notebook - Full HD - 1920 x 1080 - Core i7 i7-10850H 10th Gen 2.7GHz Hexa-core (6 Core) - 16GB RAM - 256GB SSD","$1,389.99",-1
"iProda Laptop, 14.1 Inch Notebook (Intel Core i3-6157U 2.4GHz, 8GB RAM, 256GB SSD, Windows 10 Professional) with 1080P FHD Display, Lightweight, Best for Work at Home",$379.98,3.1 out of 5 stars
"Acer Chromebook 314, Intel Celeron N4000, 14"" Full HD Display, 4GB LPDDR4, 64GB eMMC, Gigabit WiFi, Google Chrome, CB314-1H-C884",$289.99,4.5 out of 5 stars
"Apple MacBook Air (13-inch Retina Display, 8GB RAM, 256GB SSD Storage) - Gold (Previous Model)",$0,4.8 out of 5 stars
"Lenovo Legion 5 Gaming Laptop, 15.6"" FHD (1920x1080) IPS Screen, AMD Ryzen 7 4800H Processor, 16GB DDR4, 512GB SSD, NVIDIA GTX 1660Ti, Windows 10, 82B1000AUS, Phantom Black",$0,4.5 out of 5 stars
"Acer Swift 3 Thin & Light Laptop, 14"" Full HD IPS, AMD Ryzen 7 4700U Octa-Core with Radeon Graphics, 8GB LPDDR4, 512GB NVMe SSD, Wi-Fi 6, Backlit KB, Fingerprint Reader, Alexa Built-in, SF314-42-R9YN",$0,4.6 out of 5 stars
"HP Stream 14-Inch Laptop, Intel Celeron N4000, 4 GB RAM, 64 GB eMMC, Windows 10 Home in S Mode With Office 365 Personal For 1 Year (14-cb188nr, Rose Pink)",$0,4.5 out of 5 stars
"New HP 15.6"" HD Touchscreen Laptop Intel Core i3-1005G1 8GB DDR4 RAM 128GB SSD HDMI Bluetooth 802.11/b/g/n/ac Windows 10 15-dy1731ms Silver",$535.00,4.6 out of 5 stars
"Lenovo - IdeaPad 1 14"" Laptop - AMD A6-Series - 4GB Memory - AMD Radeon R4 - 64GB eMMC Flash Memory - Platinum Gray - 81VS009GUS",$229.00,3.5 out of 5 stars
"ASUS F512JA-AS34 VivoBook 15 Thin And Light Laptop, 15.6” FHD Display, Intel i3-1005G1 CPU, 8GB RAM, 128GB SSD, Backlit Keyboard, Fingerprint, Windows 10 Home in S Mode, Slate Gray",$479.00,4.5 out of 5 stars
"HP Pavilion Laptop, 15.6"" Full HD IPS Touchscreen, 10th Gen Intel Core i5-1035G1 Processor up to 3.60GHz, 12GB RAM, 512GB PCIe NVMe SSD, Backlit Keyboard, HDMI, Wireless-AC, Bluetooth, Windows 10 Home",$719.00,4.3 out of 5 stars
"Acer Chromebook 514, CB514-1H-C47X, Intel Celeron N3350, 14"" Full HD, 4GB LPDDR4, 32GB eMMC, Backlit Keyboard, Google Chrome",$359.22,4.4 out of 5 stars
"Dell Latitude 5411 14"" Notebook - Full HD - 1920 x 1080 - Core i7 i7-10850H 10th Gen 2.7GHz Hexa-core (6 Core) - 16GB RAM - 256GB SSD","$1,389.99",-1
"2020 HP 14 inch HD Laptop Newest for Business and Student, AMD Athlon Silver 3050U (Beat i5-7200U), 8GB DDR4 RAM, 512GB SSD, 802.11ac, WiFi, Bluetooth, HDMI, Windows 10 w/HESVAP 3in1 Accessories",$489.00,4.4 out of 5 stars
"2019 Newest HP Pavilion 15 15.6"" HD Touchscreen Business Laptop Intel Quad-Core i5-8250U, 16GB DDR4, 512GB SSD, Type-C, HDMI, WiFi AC, UHD, Windows 10",$750.00,4.0 out of 5 stars
"Lenovo Flex 14 2-in-1 Convertible Laptop, 14 Inch FHD Touchscreen Display, AMD Ryzen 5 3500U Processor, 12GB DDR4 RAM, 256GB NVMe SSD, Windows 10, 81SS000DUS, Black, Pen Included",$0,4.5 out of 5 stars
"New HP Pavilion 2-in-1 15.6"" HD Touchscreen Laptop Intel i5-8265U 8GB RAM 512GB SSD Bluetooth Windows 10",$0,4.5 out of 5 stars
"HP Pavilion Gaming Laptop 17-inch, Intel Core i7, NVIDIA GeForce GTX 1660 Ti with Max-Q, 16 GB RAM, 256 GB SSD, Windows 10 Home (17-cd1030nr, Shadow Black)",$0,4.6 out of 5 stars
"Acer Chromebook Spin 311 Convertible Laptop, Intel Celeron N4020, 11.6"" HD Touch, 4GB LPDDR4, 32GB eMMC, Gigabit Wi-Fi 5, Bluetooth 5.0, Google Chrome, CP311-2H-C679",$269.99,4.6 out of 5 stars
"HP Stream 11.6-inch HD Laptop, Intel Celeron N4000, 4 GB RAM, 32 GB eMMC, Windows 10 Home in S Mode with Office 365 Personal for 1 Year (11-ak0020nr, Diamond White)",$0,4.4 out of 5 stars
"2020 Newest Lenovo IdeaPad 3 15"" HD Touch Screen Laptop, Intel 10th Gen Dual-Core i3-1005G1 CPU, 8GB DDR4 RAM, 256GB PCI-e SSD, Webcam, WiFi 5, Bluetooth, Windows 10 S - Almond",$448.00,4.6 out of 5 stars
"Soundance Laptop Stand, Aluminum Computer Riser, Ergonomic Laptops Elevator for Desk, Metal Holder Compatible with 10 to 15.6 Inches Notebook Computer, Silver",$29.99,4.8 out of 5 stars
"13.3 inch Laptop (Intel Celeron N3350 64 bit ,6GB DDR3 RAM ,64GB eMMC ,10000mAH Battery ,HD Webcam ,Windows 10 OS Preinstalled ,1366 768 FHD IPS Display ) Notebook (Silver)",$239.99,2.3 out of 5 stars
Compact Laptop Case in Soft and Supple Full Grain Leather.Brass Hardware - Black.,$89.00,-1
"Soundance Laptop Stand, Aluminum Computer Riser, Ergonomic Laptops Elevator for Desk, Metal Holder Compatible with 10 to 15.6 Inches Notebook Computer, Silver",$29.99,4.8 out of 5 stars
"HP 2020 Newest Pavilion X360 2-in-1 Convertible 14"" HD Touch-Screen Laptop, 10th Gen Intel Core i3-1005G1, 8GB Ram, 128GB Ssd, Wifi, Webcam, Win 10 S",$497.92,4.5 out of 5 stars
"ASUS VivoBook S15 S532 Thin & Light Laptop, 15.6” FHD, Intel Core i5-10210U CPU, 8GB DDR4 RAM, 512GB PCIe SSD, Windows 10 Home, IR Camera, S532FA-DH55-PK, Punk Pink-Metal",$699.99,4.5 out of 5 stars
"2020 Lenovo IdeaPad 3 15.6"" FHD LED Backlit Anti-Glare Display Laptop, Intel Core i5-1035G1 Quad-Core Processor, 8GB DDR4 RAM, 256GB SSD, HDMI, Webcam, 802.11AC, Bluetooth, Windows 10, Cherry Red",$0,-1
"2020 HP Stream 14"" HD Thin and Light Laptop PC, Intel Celeron N4000 Dual-Core Processor, 4 GB RAM, 64 GB eMMC, HDMI, Webcam, WiFi, 1 Year Office 365 Personal, Windows 10 S, Brilliant Black",$315.00,-1
"ALLDOCUBE KBook Lite 2-in-1 Laptop, 13.5 inch HD(3000×2000) IPS Display, Intel Apollo Lake N3350 Processor(2.4Ghz), 4GB RAM, 128GB SSD Storage, Windows 10 - Silver",$279.99,3.7 out of 5 stars
"HP Pavilion Gaming 15-Inch Micro-EDGE Laptop, Intel Core i5-9300H Processor, NVIDIA GeForce GTX 1650 (4 GB), 8 GB SDRAM, 256 GB SSD, Windows 10 Home (15-dk0020nr, Shadow Black/Acid Green)",$674.97,4.6 out of 5 stars
"HP Pavilion 15.6"" Touchscreen Laptop - 10th Gen Intel Core i7-1065G7 - 12GB Memory - 1TB Hard Drive",$798.00,4.5 out of 5 stars
"HP Pavilion x360 14"" FHD WLED Touchscreen 2-in-1 Convertible Laptop, Intel Quad-Core i5-8250U 1.60GHz up to 3.4GHz, 8GB DDR4, 256GB SSD, WiFi, Bluetooth, Webcam, HDMI, Fingerprint Reader, Windows 10",$664.90,4.4 out of 5 stars
"iProda Laptop, 14.1 Inch Notebook (Intel Core i3-6157U 2.4GHz, 8GB RAM, 256GB SSD, Windows 10 Professional) with 1080P FHD Display, Lightweight, Best for Work at Home",$379.98,3.1 out of 5 stars
"Acer Chromebook 314, Intel Celeron N4000, 14"" Full HD Display, 4GB LPDDR4, 64GB eMMC, Gigabit WiFi, Google Chrome, CB314-1H-C884",$289.99,4.5 out of 5 stars
"Acer Swift 5 Intel Evo Thin & Light Laptop, 14"" Full HD Touch, Intel Core i7-1165G7, Intel Iris Xe Graphics, 16GB LPDDR4X, 1TB NVMe SSD, Wi-Fi 6, FPR, Back-lit KB, Antimicrobial, SF514-55TA-74EC","$1,099.99",3.8 out of 5 stars
"HP - 17.3"" Laptop - Intel Core i5 - 8GB Memory - 1TB HDD",$0,4.0 out of 5 stars
"Dell Inspiron 15 5000 - 15 Inch FHD, Intel Core i7, 8GB Memory, 512GB Solid State Drive, Nvidia GeForce MX330 2GB GDDR5, Windows 10 Home (Latest Model) - Silver",$779.98,3.6 out of 5 stars
"Lenovo IdeaPad 5 Laptop: 10th Gen Core i5-1035G1, 16GB RAM, 1TB SSD, 15.6"" Full HD IPS Touchscreen",$0,4.5 out of 5 stars
"Lenovo IdeaPad 3 15.6"" HD Touchscreen Anti-glare LED-Backlit Laptop, Intel Quad Core i5-1035G1, 12GB DDR4, 1TB HDD, 4-in-1 Card Reader, Webcam, Bluetooth, Wi-Fi 6, HDMI, Windows 10 w/ 32GB Flash Drive",$649.00,5.0 out of 5 stars
"ASUS VivoBook 15 S513 Thin and Light Laptop, 15.6” FHD Display, AMD Ryzen 7 4700U Processor, 8GB DDR4 RAM, 1TB PCIe SSD, Fingerprint Reader, Windows 10 Home, Indie Black, S513IA-DB74",$0,4.8 out of 5 stars
"New_Dell_Inspiron_15 3000 Laptop, Intel Celeron 4205U Processor (1.8 GHz), 4GB Memory, 128GB SSD, HDMI, SD Card Reader, Bluetooth, Camera, USB Type-C, Windows 10 S w/ Santex Pro Accessory",$379.00,-1
"Dell Inspiron 17 3793 Laptop 17.3"" Full HD,10th Gen Intel i5-1035G1, 8GB RAM, 512GB SSD, Windows 10",$717.00,4.3 out of 5 stars
"Acer Chromebook 514, CB514-1H-C47X, Intel Celeron N3350, 14"" Full HD, 4GB LPDDR4, 32GB eMMC, Backlit Keyboard, Google Chrome",$359.22,4.4 out of 5 stars
"Dell Latitude 5411 14"" Notebook - Full HD - 1920 x 1080 - Core i7 i7-10850H 10th Gen 2.7GHz Hexa-core (6 Core) - 16GB RAM - 256GB SSD","$1,389.99",-1
Compact Laptop Case in Soft and Supple Full Grain Leather.Brass Hardware - Black.,$89.00,-1
"Soundance Laptop Stand, Aluminum Computer Riser, Ergonomic Laptops Elevator for Desk, Metal Holder Compatible with 10 to 15.6 Inches Notebook Computer, Silver",$29.99,4.8 out of 5 stars
"HP 14 14"" Laptop Computer, Intel Celeron N4020 up to 2.8GHz, 4GB DDR4 RAM, 64GB eMMC, 802.11AC WiFi, Bluetooth 5, Type-C, Webcam, Snowflake White, Windows 10 S, iPuzzle USB-C HUB, Work from Home",$349.00,4.0 out of 5 stars
"2021 Newest HP 15.6"" FHD IPS Touchscreen Laptop PC, Intel i7-1065G7 Quad-Core Processor, 16GB DDR4 RAM, 1TB NVMe SSD, Intel Iris Plus Graphics, Webcam, HDMI, Silver,Windows 10 Home w/RE Accessories",$0,-1
"HP 14"" FHD Laptop Intel Processor i5-1035G1 12GBRAM 256GB Solid State Drive Backlit Keyboard Integrated Intel UHD Graphics",$594.90,4.4 out of 5 stars
"ASUS VivoBook 15 K513 Thin & Light Laptop, 15.6” FHD Display, Intel i7-1165G7 CPU, NVIDIA GeForce MX350, 16GB DDR4, 256GB SSD + 1TB HDD, Fingerprint Reader, Windows 10 Home, Indie Black, K513EQ-PH77",$0,-1
"Acer Predator Triton 500 PT515-52-73L3 Gaming Laptop, Intel i7-10750H, NVIDIA GeForce RTX 2070 Super, 15.6"" FHD NVIDIA G-SYNC Display, 300Hz, 16GB Dual-Channel DDR4, 512GB NVMe SSD, RGB Backlit KB","$1,983.45",4.2 out of 5 stars
"HP Stream 14-Inch Touchscreen Laptop, AMD Dual-Core A4-9120E Processor, 4 GB SDRAM, 64 GB eMMC, Windows 10 Home in S Mode with Office 365 Personal for One Year (14-ds0110nr, Diamond White)",$0,4.3 out of 5 stars
"HP 17.3 Inch Laptop Computer 10th Gen Intel Core i5-1035G1 up to 3.6GHz, 12GB RAM, 1TB HDD, Intel Graphics, DVD, WiFi, Bluetooth, Windows 10 (Renewed)",$579.99,4.8 out of 5 stars
"2020 ASUS VivoBook 15 15.6 Inch FHD 1080P Laptop (AMD Ryzen 3 3200U up to 3.5GHz, 16GB DDR4 RAM, 256GB SSD, AMD Radeon Vega 3, Backlit Keyboard, FP Reader, WiFi, Bluetooth, HDMI, Windows 10) (Grey)",$570.00,4.3 out of 5 stars
"iProda Laptop, 14.1 Inch Notebook (Intel Core i3-6157U 2.4GHz, 8GB RAM, 256GB SSD, Windows 10 Professional) with 1080P FHD Display, Lightweight, Best for Work at Home",$379.98,3.1 out of 5 stars
"Acer Chromebook 314, Intel Celeron N4000, 14"" Full HD Display, 4GB LPDDR4, 64GB eMMC, Gigabit WiFi, Google Chrome, CB314-1H-C884",$289.99,4.5 out of 5 stars
"Laptop 14 Inch, Winnovo N140, 6GB RAM, 128GB SSD, Intel Celeron Processor, HD IPS Display, Windows 10, Touch Numeric Keypad, Dual Band WiFi, Grey",$339.00,5.0 out of 5 stars
"Newest HP Pavilion 15.6"" FHD IPS Premium Gaming Laptop, AMD 2nd Gen Quad-Core Ryzen 5 3550H, 8GB RAM, 256GB SSD, NVIDIA GeForce GTX 1050 3GB GDDR5, Backlit Keyboard, Windows 10",$668.41,4.4 out of 5 stars
"2019 Lenovo ideapad S340 15.6"" HD Flagship Home & Business Laptop, Intel Quad Core i5-8265U Upto 3.9GHz, 8GB RAM, 128GB SSD, USB-C, WiFi, HDMI, Bluetooth, Windows 10, Dark Orchid",$659.00,4.5 out of 5 stars
"HP Elitebook 8470p 14 Inch Laptop, Intel Core i5 3320M 2.6G, 8G DDR3,240G SSD,DVD,Windows 10 Pro (Renewedd)",$0,4.2 out of 5 stars
"HP High Performance 15.6"" Touch-Screen Laptop (15-EF0023dx) AMD Ryzen 5 3500U 12GB Memory 256GB SSD - Natural Silver",$629.00,4.6 out of 5 stars
"HP 15-inch Touchscreen Laptop, AMD Ryzen 3 3250U, 8 GB RAM, 256 GB SSD, Windows 10 Home in S Mode (15-ef1020nr, Natural Silver)",$0,4.6 out of 5 stars
"Newest HP Envy 17t (10th Gen Intel i7-1065G7, 16GB DDR4, 1TB HD+256GB NVMe SSD, NVIDIA GeForce 4GB GDDR5, Windows 10 Professional Key, 3 Years McAfee Internet Key) with Bang & Olufsen 17.3"" Laptop",$0,4.5 out of 5 stars
"2020 Asus TUF 15.6"" FHD Premium Gaming Laptop, 10th Gen Intel Quad-Core i5-10300H, 16GB RAM, 1TB SSD, NVIDIA GeForce GTX 1650Ti 4GB GDDR6, RGB Backlit Keyboard, Windows 10 Home",$829.00,-1
"Acer Chromebook 514, CB514-1H-C47X, Intel Celeron N3350, 14"" Full HD, 4GB LPDDR4, 32GB eMMC, Backlit Keyboard, Google Chrome",$359.22,4.4 out of 5 stars
"Dell Latitude 5411 14"" Notebook - Full HD - 1920 x 1080 - Core i7 i7-10850H 10th Gen 2.7GHz Hexa-core (6 Core) - 16GB RAM - 256GB SSD","$1,389.99",-1
"Soundance Laptop Stand, Aluminum Computer Riser, Ergonomic Laptops Elevator for Desk, Metal Holder Compatible with 10 to 15.6 Inches Notebook Computer, Silver",$29.99,4.8 out of 5 stars
"New_Dell_Inspiron 15 5591 2-in-1 15.6-inch FHD IPS LED Backlit Touchscreen Business Laptop, Intel i5-10210U up to 4.2GHz, 8GB DDR4, 256GB PCIe SSD, HDMI, Bluetooth, 802.11AC, Windows 10 with Santex MP",$749.00,-1
"HP 15.6"" Touchscreen Laptop - 10 Gen Intel i5-1035G1 12GB SDRAM 1.0TB 5400RPM SATA Hard Drive",$639.90,4.5 out of 5 stars
"ASUS VivoBook F412DA 14"" Laptop - AMD Ryzen 3 3250U 3.5GHz - 1080p 8GB DDR4 RAM 256GB SATA SSD Backlit Chiclet Keyboard Windows 10",$456.00,4.3 out of 5 stars
"2019 Newest Dell Inspiron 15 5000 15.6"" Full HD FHD Touchscreen (1920x1080) Business Laptop (Intel Quad-Core i7-8550U, 16GB DDR4 RAM, 512GB SSD) HDMI, Backlit Keyboard, UHD 620, Windows 10",$0,4.1 out of 5 stars
"Lenovo ThinkPad E15 Laptop, 15.6"" FHD Display, Intel Core i5-10210U Upto 4.2GHz, 8GB RAM, 256GB NVMe SSD, HDMI, Wi-Fi, Bluetooth, Windows 10 Pro",$781.99,4.6 out of 5 stars
"Newest HP 14-inch Chromebook HD Touchscreen Laptop PC (Intel Celeron N3350 up to 2.4GHz, 4GB RAM, 32GB Flash Memory, WiFi, HD Camera, Bluetooth, Up to 10 hrs Battery Life, Chrome OS , Black )",$298.00,4.5 out of 5 stars
"LG Gram Laptop - 15.6"" IPS Touchscreen, Intel 10th Gen Core i7 1065G7 CPU, 16GB RAM, 1TB M.2 MVMe SSD (512GB x 2), 17 Hour Battery, Thunderbolt 3 - 15Z90N (2020), Model:15Z90N-R.AAS9U1","$1,496.99",4.3 out of 5 stars
"Acer Chromebook 15 CB3-532-C42P, Intel Celeron N3060, 15.6"" HD Display, 4GB LPDDR3, 16GB eMMC, Granite Gray, Google Chrome",$0,4.3 out of 5 stars
Goldengulf 10.1 Inch Quad Core 8GB Computer Laptop PC Android 6.0 Mini Netbook Slim and Lightweight Notebook WiFi Webcam Netflix YouTube Google Player Flash (White),$148.86,3.0 out of 5 stars
"iProda Laptop, 14.1 Inch Notebook (Intel Core i3-6157U 2.4GHz, 8GB RAM, 256GB SSD, Windows 10 Professional) with 1080P FHD Display, Lightweight, Best for Work at Home",$379.98,3.1 out of 5 stars
"Acer Chromebook 314, Intel Celeron N4000, 14"" Full HD Display, 4GB LPDDR4, 64GB eMMC, Gigabit WiFi, Google Chrome, CB314-1H-C884",$289.99,4.5 out of 5 stars
"HP 14"" FHD IPS WLED-Backlit Laptop, 10th Gen Intel Core i3-1005G1 up to 3.4GHz, 8GB DDR4, 256GB PCIe NVMe SSD, 802.11ac, Bluetooth, Backlit Keyboard, HD Webcam, HD Audio, USB 3.1-C, HDMI, Windows 10",$539.00,4.5 out of 5 stars
"2020 HP 14"" HD (1366 x 768) Thin and Light Laptop PC, Intel Celeron N4020 Dual-Core Processor, 4GB DDR4 Memory, 64GB eMMC, HDMI, WiFi, Bluetooth, Windows 10 S, 1 Year Microsoft 365, Snowflake White",$328.00,5.0 out of 5 stars
"2020 HP Envy 13.3"" 4K Ultra HD Touch-Screen Laptop 10th Gen Intel i7-1065G7 8GB DDR4 Memory 512GB SSD WiFi 6 Bluetooth 5.0 Weigh 2.6 lbs. Natural Silver",$868.00,4.4 out of 5 stars
"HP 15.6"" FHD Home and Business Laptop Core i7-1065G7, 16GB RAM, 1TB SSD, Intel Iris Plus Graphics, 4 Core up to 3.90 GHz, USB-C, HDMI 1.4 4K Output, Keypad, Webcam, 1920x1080, Win 10",$949.00,4.3 out of 5 stars
"MSI GP65 Leopard 10SDK-433 15.6"" 144Hz 3ms Gaming Laptop Intel Core i7-10750H GTX1660Ti 16GB 512GB NVMe SSD Win10 VR Ready","$1,149.00",4.5 out of 5 stars
"OMEN 15 Gaming Laptop, NVIDIA GeForce RTX 2070 Super Max-Q, Intel Core i7-10750H, 32 GB DDR4 RAM, 512 GB PCIe NVMe SSD, 15.6"" Full HD 300Hz, Windows 10 Home, RGB Keyboard (15-dh1019nr, 2020 Model)",$0,4.1 out of 5 stars
"ASUS ROG Zephyrus G14 14"" VR Ready FHD Gaming Laptop,8cores AMD Ryzen 7 4800HS(Beat i7-10750H),16GB RAM,1TB PCIe SSD, Backlight, Wi-Fi 6,USB Type C,HDMI,NVIDIA GeForce GTX1650,Win10(Eclipse Gray)","$1,229.00",4.4 out of 5 stars
"HP - Envy x360 2-in-1 15.6"" Touch-Screen Laptop - Intel Core i5 - 8GB Memory - 256GB SSD - Natural Silver",$796.98,4.5 out of 5 stars
"Acer Chromebook 514, CB514-1H-C47X, Intel Celeron N3350, 14"" Full HD, 4GB LPDDR4, 32GB eMMC, Backlit Keyboard, Google Chrome",$359.22,4.4 out of 5 stars
"Dell Latitude 5411 14"" Notebook - Full HD - 1920 x 1080 - Core i7 i7-10850H 10th Gen 2.7GHz Hexa-core (6 Core) - 16GB RAM - 256GB SSD","$1,389.99",-1
Compact Laptop Case in Soft and Supple Full Grain Leather.Brass Hardware - Black.,$89.00,-1
"Soundance Laptop Stand, Aluminum Computer Riser, Ergonomic Laptops Elevator for Desk, Metal Holder Compatible with 10 to 15.6 Inches Notebook Computer, Silver",$29.99,4.8 out of 5 stars
"2020 Asus ROG G531GT 15.6 Inch FHD Gaming Laptop (9th Gen Intel 6-Core i7-9750H up to 4.50 GHz, 16GB DDR4 RAM, 512GB SSD + 1TB HDD, GeForce GTX 1650, RGB Backlit Keyboard, Windows 10) (Black)","$1,064.99",4.5 out of 5 stars
"MSI Modern 14 A10RAS-1031 14"" Ultra Thin and Light Professional Laptop Intel Core i5-10210U MX330 8GB DDR4 512GB NVMe SSD Win10Pro",$879.99,3.0 out of 5 stars
"ASUS VivoBook Flip 14 Thin & Light 2-in-1 Laptop, 14” FHD Touchscreen, Intel Celeron Dual Core N4000 Processor, 4GB RAM, 64GB Storage, Fingerprint Reader, Windows 10 in S Mode, J401MA-YS02",$449.00,4.3 out of 5 stars
"Dell Inspiron 13 7000 2 in 1 Premium 2019, 13.3"" 4K UHD IPS Touchscreen Laptop, Intel Quad-Core i7-8565U, 16GB DDR4, 1TB PCIe SSD, HD Webcam HDMI USB-C WiFi Backlit KB Fingerprint Active Pen Win 10","$1,174.00",3.4 out of 5 stars
"HP 14"" HD AMD Ryzen 3 3.5GHz 4GB 1TB HDD Radeon Vega 3 Webcam Windows 10 Laptop",$0,4.2 out of 5 stars
"2019 Lenovo Ideapad 330 15.6"" Touchscreen Laptop Computer, 8th Gen Intel Quad-Core i5-8250U Up to 3.4GHz (Beat i7-7500U), 8GB DDR4, 1TB HDD, DVDRW, Bluetooth 4.1, 802.11AC WiFi, HDMI, Windows 10",$789.00,4.4 out of 5 stars
"Latest_Dell Inspiron 13.3"" 7000 2-in-1 Touchscreen Laptop, 10th Generation Intel Core i5-10210U Processor, 8GB Memory, 512GB SSD+ 32GB Optane, Wireless+Bluetooth, Silver, Windows 10",$760.00,4.2 out of 5 stars
"Asus ZenBook 14 Ultra-Slim Laptop 14” Full HD NanoEdge Bezel, Intel Core i7-10510U, 16GB RAM, 512GB PCIe SSD, GeForce MX250, Innovative Screenpad 2.0, Windows 10 Pro, UX434FLC-XH77, Royal Blue","$1,165.00",4.4 out of 5 stars
"iProda Laptop, 14.1 Inch Notebook (Intel Core i3-6157U 2.4GHz, 8GB RAM, 256GB SSD, Windows 10 Professional) with 1080P FHD Display, Lightweight, Best for Work at Home",$379.98,3.1 out of 5 stars
"Acer Chromebook 314, Intel Celeron N4000, 14"" Full HD Display, 4GB LPDDR4, 64GB eMMC, Gigabit WiFi, Google Chrome, CB314-1H-C884",$289.99,4.5 out of 5 stars
"Acer Spin 3 14"" FHD IPS Multi-Touch 2-in-1 Laptop | Intel Core i5-8265U Quad-Core | 8GB DDR4 RAM | 1TB HDD | Intel UHD Graphics 620 | HDMI | Windows 10",$638.00,2.5 out of 5 stars
"HP 14"" Core i3 1005G1 Up to 3.4GHz 8GB 256GB SSD 1080P 14-dq1043cl Backlit Keyboard",$477.57,4.6 out of 5 stars
"HP High Performance 15.6"" Touch-Screen Laptop (15-EF0023dx) AMD Ryzen 5 3500U 12GB Memory 256GB SSD - Natural Silver",$629.00,4.6 out of 5 stars
"Dell Inspiron 15 5000 - 15 Inch FHD, Intel Core i7, 8GB Memory, 512GB Solid State Drive, Nvidia GeForce MX330 2GB GDDR5, Windows 10 Home (Latest Model) - Silver",$779.98,3.6 out of 5 stars
"LG gram Thin and Light Laptop - 17"" (2560 x 1600) IPS Display, Intel 8th Gen Core i7, 16GB RAM, 512GB SSD, up to 19.5 Hour Battery, Thunderbolt 3 - 17Z990-R.AAS8U1 (2019), Dark Silver","$1,299.90",4.4 out of 5 stars
"HP High Performance Pavilion 15-cs3073cl 15.6"" Touchscreen Laptop - 10th Gen Intel Core i7-1065G7 - GeForce MX250 -16GB RAM - 1TB HDD - Backlit Keyboard- Fog Blue",$938.00,4.2 out of 5 stars
"Samsung 11.6"" LED 16GB Chromebook Exynos 5 Dual-Core 1.7GHz 2GB XE303C12-A01US",$0,3.6 out of 5 stars
"Acer Aspire 5 Slim Laptop, 15.6"" Full HD IPS Display, 10th Gen Intel Core i5-10210U, 8GB DDR4, 256GB PCIe NVMe SSD, Intel Wi-Fi 6 AX201 802.11ax, Fingerprint Reader, Backlit KB, A515-54-59W2, Silver",$579.99,4.6 out of 5 stars
"Acer Chromebook 514, CB514-1H-C47X, Intel Celeron N3350, 14"" Full HD, 4GB LPDDR4, 32GB eMMC, Backlit Keyboard, Google Chrome",$359.22,4.4 out of 5 stars
"Dell Latitude 5411 14"" Notebook - Full HD - 1920 x 1080 - Core i7 i7-10850H 10th Gen 2.7GHz Hexa-core (6 Core) - 16GB RAM - 256GB SSD","$1,389.99",-1
unknown-product,$0,-1
"iProda Laptop, 14.1 Inch Notebook (Intel Core i3-6157U 2.4GHz, 8GB RAM, 256GB SSD, Windows 10 Professional) with 1080P FHD Display, Lightweight, Best for Work at Home",$379.98,3.1 out of 5 stars
"Dell Latitude 5411 14"" Notebook - Full HD - 1920 x 1080 - Core i7 i7-10850H 10th Gen 2.7GHz Hexa-core (6 Core) - 16GB RAM - 256GB SSD","$1,389.99",-1
"Acer Aspire 5 Slim Laptop, 15.6 inches Full HD IPS Display, AMD Ryzen 3 3200U, Vega 3 Graphics, 4GB DDR4, 128GB SSD, Backlit Keyboard, Windows 10 in S Mode, A515-43-R19L, Silver",$364.99,4.6 out of 5 stars
"Lenovo IdeaPad 3 14"" Laptop, 14.0"" FHD 1920 x 1080 Display, AMD Ryzen 5 3500U Processor, 8GB DDR4 RAM, 256GB SSD, AMD Radeon Vega 8 Graphics, Narrow Bezel, Windows 10, 81W0003QUS, Abyss Blue",$421.53,4.4 out of 5 stars
"HP 15-dy1036nr 10th Gen Intel Core i5-1035G1, 15.6-Inch FHD Laptop, Natural Silver",$599.99,4.5 out of 5 stars
"Acer Nitro 5 Gaming Laptop, 9th Gen Intel Core i5-9300H, NVIDIA GeForce GTX 1650, 15.6"" Full HD IPS Display, 8GB DDR4, 256GB NVMe SSD, Wi-Fi 6, Backlit Keyboard, Alexa Built-in, AN515-54-5812",$709.99,4.7 out of 5 stars
"Soundance Laptop Stand, Aluminum Computer Riser, Ergonomic Laptops Elevator for Desk, Metal Holder Compatible with 10 to 15.6 Inches Notebook Computer, Silver",$29.99,4.8 out of 5 stars
"Lenovo - IdeaPad 3 15"" Laptop - Intel Core i3-1005G1-8GB Memory - 256GB SSD - Platinum Grey - 81WE011UUS",$0,4.8 out of 5 stars
"HP Chromebook 11-inch Laptop - Up to 15 Hour Battery Life - MediaTek - MT8183 - 4 GB RAM - 32 GB eMMC Storage - 11.6-inch HD Display - with Chrome OS - (11a-na0021nr, 2020 Model, Snow White)",$259.90,4.5 out of 5 stars
"ASUS Laptop L406 Thin and Light Laptop, 14” HD Display, Intel Celeron N4000 Processor, 4GB RAM, 64GB eMMC Storage, Wi-Fi 5, Windows 10, Microsoft 365, Slate Gray, L406MA-WH02",$317.00,4.3 out of 5 stars
"Acer Predator Helios 300 Gaming Laptop, Intel i7-10750H, NVIDIA GeForce RTX 2060 6GB, 15.6"" Full HD 144Hz 3ms IPS Display, 16GB Dual-Channel DDR4, 512GB NVMe SSD, Wi-Fi 6, RGB Keyboard, PH315-53-72XD","$1,169.71",4.6 out of 5 stars
"Acer Chromebook 314, Intel Celeron N4000, 14"" Full HD Display, 4GB LPDDR4, 64GB eMMC, Gigabit WiFi, Google Chrome, CB314-1H-C884",$289.99,4.5 out of 5 stars
"2020 HP 17.3"" Laptop Computer/ 8th Gen Intel Quad-Core i5-8265U Up to 3.9GHz/ 8GB DDR4 RAM/ 256GB PCIe SSD/ DVD/ Bluetooth 4.2/ USB 3.1/ HDMI/ Windows 10 Home/ Black",$709.00,4.5 out of 5 stars
"HP 14a-na0020nr Chromebook 14-Inch HD Laptop, Chrome (Ceramic White)",$269.00,4.6 out of 5 stars
Newest HP Pavilion Intel Pentium Silver N5000 4GB 128GB SSD Windows 10 Laptop Red,$0,4.6 out of 5 stars
"Fusion5 14.1inch A90B+ Pro 64GB Windows 10 Laptop - 4GB RAM, 64GB Storage, Full HD IPS, Bluetooth, 2MP Webcam, Dual Band WiFi Laptop",$249.95,4.1 out of 5 stars
"Acer Chromebook 514, CB514-1H-C47X, Intel Celeron N3350, 14"" Full HD, 4GB LPDDR4, 32GB eMMC, Backlit Keyboard, Google Chrome",$359.22,4.4 out of 5 stars
"Newest HP 14"" HD WLED Backlit High Performance Business Laptop, AMD Athlon Silver 3050U up to 3.2GHz, 4GB DDR4, 128GB SSD, Wireless-AC, HDMI, Bluetooth, Webcam, SD Card Reader, Windows 10 S",$351.00,4.4 out of 5 stars
"Microsoft Surface Laptop Go - 12.4"" Touchscreen - Intel Core i5 - 8GB Memory - 128GB SSD - Ice Blue",$0,4.5 out of 5 stars
"CHUWI Herobook Pro 14.1 inch Windows 10 Intel N4000 Dual Core 8GB RAM 256GB ROM Notebook,Thin and Lightweight Laptop,BT4.0 (Herobook Pro(2020))",$339.00,4.0 out of 5 stars
"HP 15.6-inch HD Laptop, AMD Ryzen 3 3200U Processor, 8 GB RAM, 256 GB SSD, Windows 10 Home (15-ef0021nr, Natural Silver)",$0,4.5 out of 5 stars
Compact Laptop Case in Soft and Supple Full Grain Leather.Brass Hardware - Black.,$89.00,-1
